,Job Title,Original Title,Posted Date,Advertised Until,Job Date,Company Name,Location,Salary,Job Number,Job Applying Link,Additional Details,Location,Salary,Terms of Employment,Start Date,Vacancies,Source,Other
0,accounting clerk,,"May 29, 2024",Not specified,"May 29, 2024",Queensway Genesis,Etobicoke (ON),"Salary: $41,600.00 annually",9299352690,https://ca.indeed.com/viewjob?jk=55fea7d58976ab8d&sid=cajb&kw=cajb,"{'Language Requirement': 'Not specified', 'Experience Requirement': 'Not specified', 'Benefits': []}","Etobicoke , ON","$ 41,600 YEAR annually",Permanent employment Full time,Starts as soon as possible,1 vacancy,indeed.com #9299352690,Not specified
1,accounting clerk,,"May 31, 2024",Not specified,"May 31, 2024",Best Truck Service - Volvo & Mack & Cummins,Peace River (AB),Salary: $21.00 to $25.25 hourly,9302414426,https://ca.indeed.com/viewjob?jk=a55bf274e9fb66aa&sid=cajb&kw=cajb,"{'Language Requirement': 'Not specified', 'Experience Requirement': 'Not specified', 'Benefits': []}","Peace River , AB",$ 21.00 to $ 25.25 HOUR hourly,Full time,Starts as soon as possible,1 vacancy,indeed.com #9302414426,Not specified
2,accounting clerk,,"June 03, 2024",2024-07-01,"June 03, 2024",Davidson Financial & Accounting Services Inc.,Regina (SK),Salary: Depends on experience,1356604,http://www.saskjobs.ca/jsp/joborder/detail.jsp?job_order_id=1356604,"{'Language Requirement': 'Not specified', 'Experience Requirement': 'Not specified', 'Benefits': []}","Regina , SK",Depends on experience,Not specified,Starts as soon as possible,Not specified,SaskJobs #1356604,Not specified
3,accounting clerk,,"June 11, 2024",Not specified,"June 11, 2024",Western Canada Theatre Company Society,Kamloops (BC),Salary: $21.50 to $25.50 hourly,9318590876,https://ca.indeed.com/viewjob?jk=8de36c2365d88cda&sid=cajb&kw=cajb,"{'Language Requirement': 'Not specified', 'Experience Requirement': 'Not specified', 'Benefits': []}","Kamloops , BC",$ 21.50 to $ 25.50 HOUR hourly,Full time,Starts as soon as possible,1 vacancy,indeed.com #9318590876,Not specified
4,accounting clerk,,"June 11, 2024",2024-07-12,"June 11, 2024",Trotman Auto Group,Surrey (BC),Salary not available,eQpYDOTvrWnj,https://job-openings.monster.ca/accounting-clerk-surrey-bc-ca-trotman-auto-group/472fa1db-47c3-4e30-9ef7-047dd967075b?mescoid=4300700001001,"{'Language Requirement': 'Not specified', 'Experience Requirement': 'Not specified', 'Benefits': []}","Surrey , BC",Not available,Permanent employment Full time,Starts as soon as possible,1 vacancy,Monster #eQpYDOTvrWnj,Not specified
5,accounting clerk,,"June 05, 2024",Not specified,"June 05, 2024",Dehoney Financial Group,Vancouver (BC),"Salary: $45,000.00 to $55,000.00 annually",9310485533,https://ca.indeed.com/viewjob?jk=eeb2290625a6282d&sid=cajb&kw=cajb,"{'Language Requirement': 'Not specified', 'Experience Requirement': 'Not specified', 'Benefits': []}","Vancouver , BC","$ 45,000 to $ 55,000 YEAR annually",Permanent employment Full time,Starts as soon as possible,1 vacancy,indeed.com #9310485533,Not specified
6,accounting clerk,,"June 10, 2024",Not specified,"June 10, 2024",Norewest Pumping Inc.,Kamloops (BC),Salary: $18.00 to $25.00 hourly,9316917073,https://ca.indeed.com/viewjob?jk=aadc8c74d8d81f61&sid=cajb&kw=cajb,"{'Language Requirement': 'Not specified', 'Experience Requirement': 'Not specified', 'Benefits': []}","Kamloops , BC",$ 18.00 to $ 25.00 HOUR hourly,Full time,Starts as soon as possible,1 vacancy,indeed.com #9316917073,Not specified
7,accounting clerk,,"June 07, 2024",Not specified,"June 07, 2024",SGCPA Professional Corporation,Stayner (ON),Salary: $21.10 to $21.83 hourly,9313657030,https://ca.indeed.com/viewjob?jk=e12b29368be421ce&sid=cajb&kw=cajb,"{'Language Requirement': 'Not specified', 'Experience Requirement': 'Not specified', 'Benefits': []}","Stayner , ON",$ 21.10 to $ 21.83 HOUR hourly,Permanent employment Full time,Starts as soon as possible,1 vacancy,indeed.com #9313657030,Not specified
8,accounting clerk,Title posted on CivicJobs.ca -Accounting Clerk III,"June 12, 2024",2024-06-19,"June 12, 2024",City of Vancouver,Vancouver (BC),Salary: $35.72 hourly,95379,https://www.civicjobs.ca/jobs?id=95379,"{'Language Requirement': 'Not specified', 'Experience Requirement': 'Not specified', 'Benefits': []}","Vancouver , BC",$ 35.72 HOUR hourly,Permanent employment Full time,Starts as soon as possible,1 vacancy,CivicJobs.ca #95379,Not specified
9,accounting clerk,,"June 06, 2024",Not specified,"June 06, 2024",West Oak Investments Ltd.,Regina (SK),Salary not available,9312634640,https://ca.indeed.com/viewjob?jk=246e2041b95bdea8&sid=cajb&kw=cajb,"{'Language Requirement': 'Not specified', 'Experience Requirement': 'Not specified', 'Benefits': []}","Regina , SK",Not available,Permanent employment Full time,Starts as soon as possible,1 vacancy,indeed.com #9312634640,Not specified
10,accounting clerk,,"June 08, 2024",Not specified,"June 08, 2024",Avaal Technology Solutions Inc,Vaughan (ON),"Salary: $45,000.00 to $55,000.00 annually",9315042806,https://ca.indeed.com/viewjob?jk=5186dfe6aeb6894b&sid=cajb&kw=cajb,"{'Language Requirement': 'Not specified', 'Experience Requirement': 'Not specified', 'Benefits': []}","Vaughan , ON","$ 45,000 to $ 55,000 YEAR annually",Full time,Starts as soon as possible,1 vacancy,indeed.com #9315042806,Not specified
11,accounting clerk,,"June 04, 2024",Not specified,"June 04, 2024",Gurit Tooling (Americas) Inc.,Montréal (QC),Salary: $18.00 to $22.00 hourly,9308644739,https://ca.indeed.com/viewjob?jk=b08465ee5acf4e3b&sid=cajb&kw=cajb,"{'Language Requirement': 'Not specified', 'Experience Requirement': 'Not specified', 'Benefits': []}","Montréal , QC",$ 18.00 to $ 22.00 HOUR hourly,Full time,Starts as soon as possible,1 vacancy,indeed.com #9308644739,Not specified
12,accounting clerk,Title posted on indeed.com -Deal Clerk   Accounting Admin,"June 05, 2024",Not specified,"June 05, 2024",Throttle Powersports,Nepean (ON),"Salary: $48,000.00 to $60,000.00 annually",9310367583,https://ca.indeed.com/viewjob?jk=62582db3c226c1d8&sid=cajb&kw=cajb,"{'Language Requirement': 'Not specified', 'Experience Requirement': 'Not specified', 'Benefits': []}","Nepean , ON","$ 48,000 to $ 60,000 YEAR annually",Full time,Starts as soon as possible,1 vacancy,indeed.com #9310367583,Not specified
13,accounting clerk,,"June 06, 2024",Not specified,"June 06, 2024",Gilbert M. Rioux et fils ltée,Saint Andrews (NB),Salary not available,9312200512,https://ca.indeed.com/viewjob?jk=6223318092493f39&sid=cajb&kw=cajb,"{'Language Requirement': 'Not specified', 'Experience Requirement': 'Not specified', 'Benefits': []}","Saint Andrews , NB",Not available,Permanent employment Full time,Starts as soon as possible,1 vacancy,indeed.com #9312200512,Not specified
14,accounting clerk,,"June 11, 2024",Not specified,"June 11, 2024",Sparq Retail,Peterborough (ON),"Salary: $50,000.00 to $55,000.00 annually",9318738428,https://ca.indeed.com/viewjob?jk=e90ca646e8614dcd&sid=cajb&kw=cajb,"{'Language Requirement': 'Not specified', 'Experience Requirement': 'Not specified', 'Benefits': []}","Peterborough , ON","$ 50,000 to $ 55,000 YEAR annually",Full time,Starts as soon as possible,1 vacancy,indeed.com #9318738428,Not specified
15,accounting clerk,,"June 08, 2024",Not specified,"June 08, 2024",All Round Retail Accounting,Burnaby (BC),Salary: $21.63 to $23.07 hourly,9315028958,https://ca.indeed.com/viewjob?jk=043750919e8e950c&sid=cajb&kw=cajb,"{'Language Requirement': 'Not specified', 'Experience Requirement': 'Not specified', 'Benefits': []}","Burnaby , BC",$ 21.63 to $ 23.07 HOUR hourly,Full time,Starts as soon as possible,1 vacancy,indeed.com #9315028958,Not specified
16,accounting clerk,,"June 06, 2024",2024-07-06,"June 06, 2024",Nicor Group,Regina (SK),Salary not available,1357855,http://www.saskjobs.ca/jsp/joborder/detail.jsp?job_order_id=1357855,"{'Language Requirement': 'Not specified', 'Experience Requirement': 'Not specified', 'Benefits': []}","Regina , SK",Not available,Not specified,Starts as soon as possible,Not specified,SaskJobs #1357855,Not specified
17,accounting clerk,,"June 09, 2024",2024-07-08,"June 09, 2024",Fed Finance,Anjou (QC),"Salary: $35,000.00 to $45,000.00 annually",13977042,https://www.jobillico.com/en/job-offer/fed-finance/accounting-clerk/13977042?ji_visitsrc=136,"{'Language Requirement': 'Not specified', 'Experience Requirement': 'Not specified', 'Benefits': []}","Anjou , QC","$ 35,000 to $ 45,000 YEAR annually",Permanent employment Full time,Starts as soon as possible,1 vacancy,Jobillico #13977042,Not specified
18,accounting clerk,,"June 09, 2024",2024-07-08,"June 09, 2024",Fed Finance,Anjou (QC),"Salary: $35,000.00 to $45,000.00 annually",13977024,https://www.jobillico.com/en/job-offer/fed-finance/accounting-clerk/13977024?ji_visitsrc=136,"{'Language Requirement': 'Not specified', 'Experience Requirement': 'Not specified', 'Benefits': []}","Anjou , QC","$ 35,000 to $ 45,000 YEAR annually",Permanent employment Full time,Starts as soon as possible,1 vacancy,Jobillico #13977024,Not specified
19,accounting clerk,,"June 09, 2024",2024-07-08,"June 09, 2024",Fed Finance,Anjou (QC),"Salary: $35,000.00 to $45,000.00 annually",13977039,https://www.jobillico.com/en/job-offer/fed-finance/accounting-clerk/13977039?ji_visitsrc=136,"{'Language Requirement': 'Not specified', 'Experience Requirement': 'Not specified', 'Benefits': []}","Anjou , QC","$ 35,000 to $ 45,000 YEAR annually",Permanent employment Full time,Starts as soon as possible,1 vacancy,Jobillico #13977039,Not specified
20,accounting clerk,,"June 09, 2024",2024-07-08,"June 09, 2024",Fed Finance,Anjou (QC),"Salary: $35,000.00 to $45,000.00 annually",13977030,https://www.jobillico.com/en/job-offer/fed-finance/accounting-clerk/13977030?ji_visitsrc=136,"{'Language Requirement': 'Not specified', 'Experience Requirement': 'Not specified', 'Benefits': []}","Anjou , QC","$ 35,000 to $ 45,000 YEAR annually",Permanent employment Full time,Starts as soon as possible,1 vacancy,Jobillico #13977030,Not specified
21,accounting clerk,,"June 09, 2024",2024-07-08,"June 09, 2024",Fed Finance,Anjou (QC),"Salary: $35,000.00 to $45,000.00 annually",13977036,https://www.jobillico.com/en/job-offer/fed-finance/accounting-clerk/13977036?ji_visitsrc=136,"{'Language Requirement': 'Not specified', 'Experience Requirement': 'Not specified', 'Benefits': []}","Anjou , QC","$ 35,000 to $ 45,000 YEAR annually",Permanent employment Full time,Starts as soon as possible,1 vacancy,Jobillico #13977036,Not specified
22,accounting clerk,,"June 09, 2024",2024-07-08,"June 09, 2024",Fed Finance,Anjou (QC),"Salary: $35,000.00 to $45,000.00 annually",13977045,https://www.jobillico.com/en/job-offer/fed-finance/accounting-clerk/13977045?ji_visitsrc=136,"{'Language Requirement': 'Not specified', 'Experience Requirement': 'Not specified', 'Benefits': []}","Anjou , QC","$ 35,000 to $ 45,000 YEAR annually",Permanent employment Full time,Starts as soon as possible,1 vacancy,Jobillico #13977045,Not specified
23,accounting clerk,,"June 07, 2024",Not specified,"June 07, 2024",McRae Mills Ltd,Whitney (ON),Salary: $24.00 to $40.00 hourly,9314158885,https://ca.indeed.com/viewjob?jk=6d69d601180d43ec&sid=cajb&kw=cajb,"{'Language Requirement': 'Not specified', 'Experience Requirement': 'Not specified', 'Benefits': []}","Whitney , ON",$ 24.00 to $ 40.00 HOUR hourly,Full time,Starts as soon as possible,1 vacancy,indeed.com #9314158885,Not specified
24,accounting clerk,,"June 07, 2024",Not specified,"June 07, 2024",AutoMarket,Guelph (ON),Salary: $17.00 to $22.00 hourly,9314040012,https://ca.indeed.com/viewjob?jk=dd5e5c522f90f615&sid=cajb&kw=cajb,"{'Language Requirement': 'Not specified', 'Experience Requirement': 'Not specified', 'Benefits': []}","Guelph , ON",$ 17.00 to $ 22.00 HOUR hourly,Permanent employment Full time,Starts as soon as possible,1 vacancy,indeed.com #9314040012,Not specified
25,accounting clerk,,"June 08, 2024",Not specified,"June 08, 2024",Avaal Technology Solutions Inc,Vaughan (ON),"Salary: $45,000.00 to $55,000.00 annually",9315042806,https://ca.indeed.com/viewjob?jk=5186dfe6aeb6894b&sid=cajb&kw=cajb,"{'Language Requirement': 'Not specified', 'Experience Requirement': 'Not specified', 'Benefits': []}","Vaughan , ON","$ 45,000 to $ 55,000 YEAR annually",Full time,Starts as soon as possible,1 vacancy,indeed.com #9315042806,Not specified
26,accounting clerk,,"June 06, 2024",2024-07-06,"June 06, 2024",Nicor Group,Regina (SK),Salary not available,1357855,http://www.saskjobs.ca/jsp/joborder/detail.jsp?job_order_id=1357855,"{'Language Requirement': 'Not specified', 'Experience Requirement': 'Not specified', 'Benefits': []}","Regina , SK",Not available,Not specified,Starts as soon as possible,Not specified,SaskJobs #1357855,Not specified
27,accounting clerk,,"June 06, 2024",Not specified,"June 06, 2024",Gilbert M. Rioux et fils ltée,Saint Andrews (NB),Salary not available,9312200512,https://ca.indeed.com/viewjob?jk=6223318092493f39&sid=cajb&kw=cajb,"{'Language Requirement': 'Not specified', 'Experience Requirement': 'Not specified', 'Benefits': []}","Saint Andrews , NB",Not available,Permanent employment Full time,Starts as soon as possible,1 vacancy,indeed.com #9312200512,Not specified
28,accounting clerk,,"June 06, 2024",2024-07-07,"June 06, 2024",Mississauga Toyota,Mississauga (ON),Salary not available,BKnwVzHPxbvE,https://job-openings.monster.ca/accounting-clerk-mississauga-on-ca-mississauga-toyota/f5040838-f56a-4c6b-8210-2d59680c2b85?mescoid=4300700001001,"{'Language Requirement': 'Not specified', 'Experience Requirement': 'Not specified', 'Benefits': []}","Mississauga , ON",Not available,Not specified,Starts as soon as possible,1 vacancy,Monster #BKnwVzHPxbvE,Not specified
29,accounting clerk,,"May 22, 2024",2024-06-22,"May 22, 2024",Duliban Insurance,Location,Salary not available,669375000006651074,https://job-openings.monster.ca/accounting-clerk-niagara-regional-municipality-fonthill-on-ca-duliban-insurance/cb1c36a9-1511-4ea6-b672-fbf2cb1a80e4?mescoid=4300700001001,"{'Language Requirement': 'Not specified', 'Experience Requirement': 'Not specified', 'Benefits': []}",Niagara Regional Municipality (Fonthill),Not available,Not specified,Starts as soon as possible,1 vacancy,Monster #669375000006651074,Not specified
30,accounting clerk,,"June 12, 2024",2024-07-13,"June 12, 2024",Farm Boy Inc.,Mississauga (ON),Salary not available,f5f0fab4-90d0-4b6a-a2fd-2ec48bbc4556,https://job-openings.monster.ca/accounting-clerk-mississauga-on-ca-farm-boy-inc/0ed2ac4a-35a6-4215-b7a5-c0359ea53beb?mescoid=4300700001001,"{'Language Requirement': 'Not specified', 'Experience Requirement': 'Not specified', 'Benefits': []}","Mississauga , ON",Not available,Not specified,Starts as soon as possible,1 vacancy,Monster #f5f0fab4-90d0-4b6a-a2fd-2ec48bbc4556,Not specified
31,accounting clerk,,"June 11, 2024",Not specified,"June 11, 2024",Sparq Retail,Peterborough (ON),"Salary: $50,000.00 to $55,000.00 annually",9318738428,https://ca.indeed.com/viewjob?jk=e90ca646e8614dcd&sid=cajb&kw=cajb,"{'Language Requirement': 'Not specified', 'Experience Requirement': 'Not specified', 'Benefits': []}","Peterborough , ON","$ 50,000 to $ 55,000 YEAR annually",Full time,Starts as soon as possible,1 vacancy,indeed.com #9318738428,Not specified
32,accounting clerk,,"June 07, 2024",Not specified,"June 07, 2024",AutoMarket,Guelph (ON),Salary: $17.00 to $22.00 hourly,9314040012,https://ca.indeed.com/viewjob?jk=dd5e5c522f90f615&sid=cajb&kw=cajb,"{'Language Requirement': 'Not specified', 'Experience Requirement': 'Not specified', 'Benefits': []}","Guelph , ON",$ 17.00 to $ 22.00 HOUR hourly,Permanent employment Full time,Starts as soon as possible,1 vacancy,indeed.com #9314040012,Not specified
33,accounting clerk,,"June 09, 2024",2024-07-08,"June 09, 2024",Fed Finance,Anjou (QC),"Salary: $35,000.00 to $45,000.00 annually",13977036,https://www.jobillico.com/en/job-offer/fed-finance/accounting-clerk/13977036?ji_visitsrc=136,"{'Language Requirement': 'Not specified', 'Experience Requirement': 'Not specified', 'Benefits': []}","Anjou , QC","$ 35,000 to $ 45,000 YEAR annually",Permanent employment Full time,Starts as soon as possible,1 vacancy,Jobillico #13977036,Not specified
34,accounting clerk,,"June 09, 2024",2024-07-08,"June 09, 2024",Fed Finance,Anjou (QC),"Salary: $35,000.00 to $45,000.00 annually",13977045,https://www.jobillico.com/en/job-offer/fed-finance/accounting-clerk/13977045?ji_visitsrc=136,"{'Language Requirement': 'Not specified', 'Experience Requirement': 'Not specified', 'Benefits': []}","Anjou , QC","$ 35,000 to $ 45,000 YEAR annually",Permanent employment Full time,Starts as soon as possible,1 vacancy,Jobillico #13977045,Not specified
35,accounting clerk,,"June 09, 2024",2024-07-08,"June 09, 2024",Fed Finance,Anjou (QC),"Salary: $35,000.00 to $45,000.00 annually",13977042,https://www.jobillico.com/en/job-offer/fed-finance/accounting-clerk/13977042?ji_visitsrc=136,"{'Language Requirement': 'Not specified', 'Experience Requirement': 'Not specified', 'Benefits': []}","Anjou , QC","$ 35,000 to $ 45,000 YEAR annually",Permanent employment Full time,Starts as soon as possible,1 vacancy,Jobillico #13977042,Not specified
36,accounting clerk,,"June 09, 2024",2024-07-08,"June 09, 2024",Fed Finance,Anjou (QC),"Salary: $35,000.00 to $45,000.00 annually",13977024,https://www.jobillico.com/en/job-offer/fed-finance/accounting-clerk/13977024?ji_visitsrc=136,"{'Language Requirement': 'Not specified', 'Experience Requirement': 'Not specified', 'Benefits': []}","Anjou , QC","$ 35,000 to $ 45,000 YEAR annually",Permanent employment Full time,Starts as soon as possible,1 vacancy,Jobillico #13977024,Not specified
37,accounting clerk,,"June 09, 2024",2024-07-08,"June 09, 2024",Fed Finance,Anjou (QC),"Salary: $35,000.00 to $45,000.00 annually",13977039,https://www.jobillico.com/en/job-offer/fed-finance/accounting-clerk/13977039?ji_visitsrc=136,"{'Language Requirement': 'Not specified', 'Experience Requirement': 'Not specified', 'Benefits': []}","Anjou , QC","$ 35,000 to $ 45,000 YEAR annually",Permanent employment Full time,Starts as soon as possible,1 vacancy,Jobillico #13977039,Not specified
38,accounting clerk,,"June 09, 2024",2024-07-08,"June 09, 2024",Fed Finance,Anjou (QC),"Salary: $35,000.00 to $45,000.00 annually",13977030,https://www.jobillico.com/en/job-offer/fed-finance/accounting-clerk/13977030?ji_visitsrc=136,"{'Language Requirement': 'Not specified', 'Experience Requirement': 'Not specified', 'Benefits': []}","Anjou , QC","$ 35,000 to $ 45,000 YEAR annually",Permanent employment Full time,Starts as soon as possible,1 vacancy,Jobillico #13977030,Not specified
39,accounting clerk,,"June 07, 2024",Not specified,"June 07, 2024",McRae Mills Ltd,Whitney (ON),Salary: $24.00 to $40.00 hourly,9314158885,https://ca.indeed.com/viewjob?jk=6d69d601180d43ec&sid=cajb&kw=cajb,"{'Language Requirement': 'Not specified', 'Experience Requirement': 'Not specified', 'Benefits': []}","Whitney , ON",$ 24.00 to $ 40.00 HOUR hourly,Full time,Starts as soon as possible,1 vacancy,indeed.com #9314158885,Not specified
40,accounting clerk,,"June 06, 2024",Not specified,"June 06, 2024",Cunningham Swan LLP,Kingston (ON),"Salary: $44,000.00 to $55,000.00 annually",9312175573,https://ca.indeed.com/viewjob?jk=cbe3097899e0e500&sid=cajb&kw=cajb,"{'Language Requirement': 'Not specified', 'Experience Requirement': 'Not specified', 'Benefits': []}","Kingston , ON","$ 44,000 to $ 55,000 YEAR annually",Full time,Starts as soon as possible,1 vacancy,indeed.com #9312175573,Not specified
41,accounting clerk,Title posted on CareerBeacon -Accounting Clerk (),"May 23, 2024",2024-06-22,"May 23, 2024",Vitalité Health Network,Bathurst (NB),Salary: $24.26 hourly,170747,https://www.careerbeacon.com/en/job/1948065/vitalite-health-network/accounting-clerk-1024/bathurst?utm_campaign=feeds&utm_source=jobbank&utm_medium=Careerbeacon,"{'Language Requirement': 'Not specified', 'Experience Requirement': 'Not specified', 'Benefits': []}","Bathurst , NB",$ 24.26 HOUR hourly,Not available,Starts as soon as possible,Not specified,CareerBeacon #170747,Not specified
42,accounting clerk,,"June 11, 2024",Not specified,"June 11, 2024",Mid Island Co-op,Nanaimo (BC),Salary: $20.10 to $29.02 hourly,9318791502,https://ca.indeed.com/viewjob?jk=c8e81dd433bbfcef&sid=cajb&kw=cajb,"{'Language Requirement': 'Not specified', 'Experience Requirement': 'Not specified', 'Benefits': []}","Nanaimo , BC",$ 20.10 to $ 29.02 HOUR hourly,Permanent employment Full time,Starts as soon as possible,1 vacancy,indeed.com #9318791502,Not specified
43,accounting clerk,,"June 05, 2024",Not specified,"June 05, 2024",Pacific Doors and Hardware,Richmond (BC),Salary: $20.00 hourly,9310492785,https://ca.indeed.com/viewjob?jk=960075fc51a57a6e&sid=cajb&kw=cajb,"{'Language Requirement': 'Not specified', 'Experience Requirement': 'Not specified', 'Benefits': []}","Richmond , BC",$ 20.00 HOUR hourly,Full time,Starts as soon as possible,1 vacancy,indeed.com #9310492785,Not specified
44,accounting clerk,,"June 10, 2024",2024-06-14,"June 10, 2024",SASKATCHEWAN CANCER AGENCY,Regina (SK),Salary: Pay Band 4 $27.80 to $32.53 (5 step range),1358128,http://www.saskjobs.ca/jsp/joborder/detail.jsp?job_order_id=1358128,"{'Language Requirement': 'Not specified', 'Experience Requirement': 'Not specified', 'Benefits': []}","Regina , SK",$ 27.80 to $ 32.53 HOUR hourly,Not specified,Starts as soon as possible,Not specified,SaskJobs #1358128,Not specified
45,accounting clerk,Title posted on Jobillico -Student - Accounting Clerk,"May 30, 2024",2024-06-28,"May 30, 2024",Prescott-Russell,L'Orignal (ON),Salary: $18.00 hourly,13901646,https://www.jobillico.com/en/job-offer/prescott-russell.mVraTu/student-accounting-clerk/13901646?ji_visitsrc=136,"{'Language Requirement': 'Not specified', 'Experience Requirement': 'Not specified', 'Benefits': []}","L'Orignal , ON",$ 18.00 HOUR hourly,Full time,Starts as soon as possible,1 vacancy,Jobillico #13901646,Not specified
46,accounting clerk,,"June 05, 2024",Not specified,"June 05, 2024",Forbidden Mechanical Inc,Courtenay (BC),Salary: $27.00 to $29.00 hourly,9310504008,https://ca.indeed.com/viewjob?jk=0cf2a0f1b093521d&sid=cajb&kw=cajb,"{'Language Requirement': 'Not specified', 'Experience Requirement': 'Not specified', 'Benefits': []}","Courtenay , BC",$ 27.00 to $ 29.00 HOUR hourly,Permanent employment Full time,Starts as soon as possible,1 vacancy,indeed.com #9310504008,Not specified
47,accounting clerk,,"June 06, 2024",Not specified,"June 06, 2024",Range Rider Canopies,Summerland (BC),Salary: $25.00 hourly,9312739113,https://ca.indeed.com/viewjob?jk=cc57d74a9dc53403&sid=cajb&kw=cajb,"{'Language Requirement': 'Not specified', 'Experience Requirement': 'Not specified', 'Benefits': []}","Summerland , BC",$ 25.00 HOUR hourly,Permanent employment Full time,Starts as soon as possible,1 vacancy,indeed.com #9312739113,Not specified
48,senior accounting clerk,,"May 31, 2024",2024-06-30,"May 31, 2024",APLIN,Saskatoon (SK),Salary not available,1356274,http://www.saskjobs.ca/jsp/joborder/detail.jsp?job_order_id=1356274,"{'Language Requirement': 'Not specified', 'Experience Requirement': 'Not specified', 'Benefits': []}","Saskatoon , SK",Not available,Not specified,Starts as soon as possible,Not specified,SaskJobs #1356274,Not specified
49,accounting clerk,Title posted on indeed.com -Jr. Accounting Clerk,"May 23, 2024",Not specified,"May 23, 2024",Amico Clinical Solutions,Richmond Hill (ON),"Salary: $40,000.00 annually",9291488668,https://ca.indeed.com/viewjob?jk=503e62c0b94b0a97&sid=cajb&kw=cajb,"{'Language Requirement': 'Not specified', 'Experience Requirement': 'Not specified', 'Benefits': []}","Richmond Hill , ON","$ 40,000 YEAR annually",Permanent employment Full time,Starts as soon as possible,1 vacancy,indeed.com #9291488668,Not specified
50,accounting clerk,,"May 30, 2024",Not specified,"May 30, 2024",Central Painting Inc.,Barrie (ON),"Salary: $45,000.00 to $55,000.00 annually",9301072922,https://ca.indeed.com/viewjob?jk=3d814aa633d2f51a&sid=cajb&kw=cajb,"{'Language Requirement': 'Not specified', 'Experience Requirement': 'Not specified', 'Benefits': []}","Barrie , ON","$ 45,000 to $ 55,000 YEAR annually",Full time,Starts as soon as possible,1 vacancy,indeed.com #9301072922,Not specified
51,accounting clerk,,"June 06, 2024",2024-06-28,"June 06, 2024",Zagime Anishinabek,Location,Salary: To be negotiated,1357848,http://www.saskjobs.ca/jsp/joborder/detail.jsp?job_order_id=1357848,"{'Language Requirement': 'Not specified', 'Experience Requirement': 'Not specified', 'Benefits': []}",ZAGIME ANISHINABEK,To be negotiated,Not specified,Starts as soon as possible,Not specified,SaskJobs #1357848,Not specified
52,accounting clerk,,"June 03, 2024",Not specified,"June 03, 2024",City Centre Property Management,Halifax (NS),"Salary: $35,000.00 annually",9306985849,https://ca.indeed.com/viewjob?jk=d85a479461783611&sid=cajb&kw=cajb,"{'Language Requirement': 'Not specified', 'Experience Requirement': 'Not specified', 'Benefits': []}","Halifax , NS","$ 35,000 YEAR annually",Full time,Starts as soon as possible,1 vacancy,indeed.com #9306985849,Not specified
53,accounting clerk,,"May 22, 2024",Not specified,"May 22, 2024",Tri-Proto International Capital & Trade,Burnaby (BC),Salary: $18.00 to $25.00 hourly,9290622119,https://ca.indeed.com/viewjob?jk=3827726f2cd6111f&sid=cajb&kw=cajb,"{'Language Requirement': 'Not specified', 'Experience Requirement': 'Not specified', 'Benefits': []}","Burnaby , BC",$ 18.00 to $ 25.00 HOUR hourly,Permanent employment Full time,Starts as soon as possible,1 vacancy,indeed.com #9290622119,Not specified
54,accounting clerk,,"May 21, 2024",Not specified,"May 21, 2024",Progressive Ventures Construction,Terrace (BC),Salary: $20.00 to $30.00 hourly,9288229720,https://ca.indeed.com/viewjob?jk=95611e2839c22617&sid=cajb&kw=cajb,"{'Language Requirement': 'Not specified', 'Experience Requirement': 'Not specified', 'Benefits': []}","Terrace , BC",$ 20.00 to $ 30.00 HOUR hourly,Permanent employment Full time,Starts as soon as possible,1 vacancy,indeed.com #9288229720,Not specified
55,accounting clerk,,"May 29, 2024",Not specified,"May 29, 2024","Century Nissan, Antigonish",Beech Hill (NS),Salary: $17.31 to $25.04 hourly,9298892594,https://ca.indeed.com/viewjob?jk=d3340558ad9a618b&sid=cajb&kw=cajb,"{'Language Requirement': 'Not specified', 'Experience Requirement': 'Not specified', 'Benefits': []}","Beech Hill , NS",$ 17.31 to $ 25.04 HOUR hourly,Permanent employment Full time,Starts as soon as possible,1 vacancy,indeed.com #9298892594,Not specified
56,accounting clerk,Title posted on Monster -Deal Posting Accounting Clerk - (Temporary 15 Month Coverage - Maternity Leave) - Destination Auto Group,"June 01, 2024",2024-07-02,"June 01, 2024",Destination Auto Group,Burnaby (BC),Salary not available,fd2f5f662ab266432671525afcd53025,https://job-openings.monster.ca/deal-posting-accounting-clerk-temporary-15-month-coverage-maternity-leave-destination-auto-group-burnaby-bc-ca-destination-auto-group/b889e000-8417-4334-a350-991086cfb13e?mescoid=4300700001001,"{'Language Requirement': 'Not specified', 'Experience Requirement': 'Not specified', 'Benefits': []}","Burnaby , BC",Not available,Not specified,Starts as soon as possible,1 vacancy,Monster #fd2f5f662ab266432671525afcd53025,Not specified
57,accounting clerk,,"June 06, 2024",2024-06-30,"June 06, 2024",Mega Group Inc. / Mega Groupe Inc.,Saskatoon (SK),Salary not available,1357764,http://www.saskjobs.ca/jsp/joborder/detail.jsp?job_order_id=1357764,"{'Language Requirement': 'Not specified', 'Experience Requirement': 'Not specified', 'Benefits': []}","Saskatoon , SK",Not available,Not specified,Starts as soon as possible,Not specified,SaskJobs #1357764,Not specified
58,accounting clerk,,"June 12, 2024",Not specified,"June 12, 2024",Lucent BioSciences Inc.,Burnaby (BC),Salary: $22.00 to $25.00 hourly,9320208982,https://ca.indeed.com/viewjob?jk=7f4ffe68fc260ab9&sid=cajb&kw=cajb,"{'Language Requirement': 'Not specified', 'Experience Requirement': 'Not specified', 'Benefits': []}","Burnaby , BC",$ 22.00 to $ 25.00 HOUR hourly,Part time,Starts as soon as possible,1 vacancy,indeed.com #9320208982,Not specified
59,accounting clerk,,"June 11, 2024",Not specified,"June 11, 2024",Globalhrgurus,Caraquet (NB),"Salary: $40,000.00 to $50,000.00 annually",9318976910,https://ca.indeed.com/viewjob?jk=2b90689b91b2f103&sid=cajb&kw=cajb,"{'Language Requirement': 'Not specified', 'Experience Requirement': 'Not specified', 'Benefits': []}","Caraquet , NB","$ 40,000 to $ 50,000 YEAR annually",Full time,Starts as soon as possible,1 vacancy,indeed.com #9318976910,Not specified
60,accounting clerk,,"June 06, 2024",Not specified,"June 06, 2024",Jacobson & Greiner Ltd.,Brandon (MB),Salary not available,9312116656,https://ca.indeed.com/viewjob?jk=28ade7fd812cb4c8&sid=cajb&kw=cajb,"{'Language Requirement': 'Not specified', 'Experience Requirement': 'Not specified', 'Benefits': []}","Brandon , MB",Not available,Full time,Starts as soon as possible,1 vacancy,indeed.com #9312116656,Not specified
61,senior accounting clerk,,"June 07, 2024",Not specified,"June 07, 2024",Sarku Japan,Markham (ON),Salary not available,9314073349,https://ca.indeed.com/viewjob?jk=b61bd093d41217a5&sid=cajb&kw=cajb,"{'Language Requirement': 'Not specified', 'Experience Requirement': 'Not specified', 'Benefits': []}","Markham , ON",Not available,Full time,Starts as soon as possible,1 vacancy,indeed.com #9314073349,Not specified
62,accounting clerk,,"June 08, 2024",Not specified,"June 08, 2024",All Round Retail Accounting,Burnaby (BC),Salary: $21.63 to $23.07 hourly,9315028958,https://ca.indeed.com/viewjob?jk=043750919e8e950c&sid=cajb&kw=cajb,"{'Language Requirement': 'Not specified', 'Experience Requirement': 'Not specified', 'Benefits': []}","Burnaby , BC",$ 21.63 to $ 23.07 HOUR hourly,Full time,Starts as soon as possible,1 vacancy,indeed.com #9315028958,Not specified
63,accounting clerk,,"June 07, 2024",Not specified,"June 07, 2024",Designed Roofing Inc. o/a Essential Exteriors & Northland Glass & Metal,North Bay (ON),Salary not available,9313659719,https://ca.indeed.com/viewjob?jk=f96d18da77febc02&sid=cajb&kw=cajb,"{'Language Requirement': 'Not specified', 'Experience Requirement': 'Not specified', 'Benefits': []}","North Bay , ON",Not available,Permanent employment Full time,Starts as soon as possible,1 vacancy,indeed.com #9313659719,Not specified
64,accounting clerk,,"May 28, 2024",Not specified,"May 28, 2024",Tully Luxury Travel,Mississauga (ON),"Salary: $38,000.00 to $42,000.00 annually",9297511275,https://ca.indeed.com/viewjob?jk=33bee1bff329c6ec&sid=cajb&kw=cajb,"{'Language Requirement': 'Not specified', 'Experience Requirement': 'Not specified', 'Benefits': []}","Mississauga , ON","$ 38,000 to $ 42,000 YEAR annually",Permanent employment Full time,Starts as soon as possible,1 vacancy,indeed.com #9297511275,Not specified
65,accounting clerk,,"May 27, 2024",Not specified,"May 27, 2024",Air Filter Sales & Service,Calgary (AB),Salary not available,9296308202,https://ca.indeed.com/viewjob?jk=5dbc54040f85c229&sid=cajb&kw=cajb,"{'Language Requirement': 'Not specified', 'Experience Requirement': 'Not specified', 'Benefits': []}","Calgary , AB",Not available,Full time,Starts as soon as possible,1 vacancy,indeed.com #9296308202,Not specified
66,accounting clerk,,"May 16, 2024",Not specified,"May 16, 2024",Wesbell Group of Companies,Mississauga (ON),"Salary: $38,000.00 to $40,000.00 annually",9282116902,https://ca.indeed.com/viewjob?jk=15c0a337c668471c&sid=cajb&kw=cajb,"{'Language Requirement': 'Not specified', 'Experience Requirement': 'Not specified', 'Benefits': []}","Mississauga , ON","$ 38,000 to $ 40,000 YEAR annually",Permanent employment Full time,Starts as soon as possible,1 vacancy,indeed.com #9282116902,Not specified
67,accounting clerk,,"May 31, 2024",Not specified,"May 31, 2024",Corey Craig Group,Moncton (NB),Salary not available,9302385498,https://ca.indeed.com/viewjob?jk=5b3743fd787ee4a1&sid=cajb&kw=cajb,"{'Language Requirement': 'Not specified', 'Experience Requirement': 'Not specified', 'Benefits': []}","Moncton , NB",Not available,Permanent employment Full time,Starts as soon as possible,1 vacancy,indeed.com #9302385498,Not specified
68,accounting clerk,,"June 04, 2024",Not specified,"June 04, 2024",Franworks Group of Companies,Calgary (AB),"Salary: $48,000.00 to $52,000.00 annually",9308646155,https://ca.indeed.com/viewjob?jk=dff409966b31877d&sid=cajb&kw=cajb,"{'Language Requirement': 'Not specified', 'Experience Requirement': 'Not specified', 'Benefits': []}","Calgary , AB","$ 48,000 to $ 52,000 YEAR annually",Full time,Starts as soon as possible,1 vacancy,indeed.com #9308646155,Not specified
69,accounting clerk,,"June 05, 2024",Not specified,"June 05, 2024",Novaflow,Brockville (ON),Salary: $20.00 to $23.00 hourly,9310235229,https://ca.indeed.com/viewjob?jk=0f6f70bbd3783bda&sid=cajb&kw=cajb,"{'Language Requirement': 'Not specified', 'Experience Requirement': 'Not specified', 'Benefits': []}","Brockville , ON",$ 20.00 to $ 23.00 HOUR hourly,Full time,Starts as soon as possible,1 vacancy,indeed.com #9310235229,Not specified
70,accounting clerk,,"June 06, 2024",Not specified,"June 06, 2024",Mega Group Inc.,Saskatoon (SK),Salary not available,9312340823,https://ca.indeed.com/viewjob?jk=9dd3a5218db24082&sid=cajb&kw=cajb,"{'Language Requirement': 'Not specified', 'Experience Requirement': 'Not specified', 'Benefits': []}","Saskatoon , SK",Not available,Permanent employment Full time,Starts as soon as possible,1 vacancy,indeed.com #9312340823,Not specified
71,accounting clerk,Title posted on Monster -Accounting Clerk-6 month contract,"June 06, 2024",2024-07-07,"June 06, 2024",MATT & NAT,Montréal (QC),Salary not available,7d69679d-1a2a-411a-8af1-06d91ae4ddd6,https://job-openings.monster.ca/accounting-clerk-6-month-contract-montréal-qc-ca-matt-nat/ce999c01-3a44-4f40-be35-5b8974bdec7c?mescoid=4300700001001,"{'Language Requirement': 'Not specified', 'Experience Requirement': 'Not specified', 'Benefits': []}","Montréal , QC",Not available,Not specified,Starts as soon as possible,1 vacancy,Monster #7d69679d-1a2a-411a-8af1-06d91ae4ddd6,Not specified
72,accounting clerk,Title posted on indeed.com -Commis comptable Accounting clerk,"May 29, 2024",Not specified,"May 29, 2024",Confortchem Inc.,Pointe-Claire (QC),"Salary: $40,000.00 to $50,000.00 annually",9299531828,https://ca.indeed.com/viewjob?jk=ee9ac9977423fa82&sid=cajb&kw=cajb,"{'Language Requirement': 'Not specified', 'Experience Requirement': 'Not specified', 'Benefits': []}","Pointe-Claire , QC","$ 40,000 to $ 50,000 YEAR annually",Permanent employment Full time,Starts as soon as possible,1 vacancy,indeed.com #9299531828,Not specified
73,accounting clerk,Title posted on indeed.com -Commis comptable Accounting clerk,"May 14, 2024",Not specified,"May 14, 2024",Confortchem Inc.,Pointe-Claire (QC),"Salary: $40,000.00 to $50,000.00 annually",9278964504,https://ca.indeed.com/viewjob?jk=502b6b8e1b10925f&sid=cajb&kw=cajb,"{'Language Requirement': 'Not specified', 'Experience Requirement': 'Not specified', 'Benefits': []}","Pointe-Claire , QC","$ 40,000 to $ 50,000 YEAR annually",Permanent employment Full time,Starts as soon as possible,1 vacancy,indeed.com #9278964504,Not specified
74,accounting clerk,Title posted on Monster -Accounting Technician,"June 12, 2024",2024-07-13,"June 12, 2024",Envol,North Vancouver (BC),Salary not available,vUkBXpj20G,https://job-openings.monster.ca/accounting-technician-north-vancouver-bc-ca-envol/8bab99ed-34bf-4aaa-b8b7-5d9c54061e1e?mescoid=4300700001001,"{'Language Requirement': 'Not specified', 'Experience Requirement': 'Not specified', 'Benefits': []}","North Vancouver , BC",Not available,Permanent employment Full time,Starts as soon as possible,1 vacancy,Monster #vUkBXpj20G,Not specified
75,accounting clerk,Title posted on Monster -Accounting Technician,"June 12, 2024",2024-07-13,"June 12, 2024",Envol,Vancouver (BC),Salary not available,xWELPLn52v,https://job-openings.monster.ca/accounting-technician-vancouver-bc-ca-envol/fd1f9c99-cbc7-420a-86f1-2ba0ba10ee96?mescoid=4300700001001,"{'Language Requirement': 'Not specified', 'Experience Requirement': 'Not specified', 'Benefits': []}","Vancouver , BC",Not available,Permanent employment Full time,Starts as soon as possible,1 vacancy,Monster #xWELPLn52v,Not specified
76,accounting clerk,Title posted on Monster -Accounting Technician,"June 12, 2024",2024-07-13,"June 12, 2024",Envol,West Vancouver (BC),Salary not available,PkTfei0dqu,https://job-openings.monster.ca/accounting-technician-west-vancouver-bc-ca-envol/e17f621f-0d9a-474b-b03c-e4e5b997328c?mescoid=4300700001001,"{'Language Requirement': 'Not specified', 'Experience Requirement': 'Not specified', 'Benefits': []}","West Vancouver , BC",Not available,Permanent employment Full time,Starts as soon as possible,1 vacancy,Monster #PkTfei0dqu,Not specified
77,accounting clerk,Title posted on Monster -Accounting Technician,"May 31, 2024",2024-07-01,"May 31, 2024",Aplin,Alberta Park Industrial (AB),Salary not available,53168328,https://job-openings.monster.ca/accounting-technician-alberta-ab-ca-aplin/498c0910-4e87-46e2-ada2-9aeb1590baf4?mescoid=4300700001001,"{'Language Requirement': 'Not specified', 'Experience Requirement': 'Not specified', 'Benefits': []}","Alberta Park Industrial , AB",Not available,Not specified,Starts as soon as possible,1 vacancy,Monster #53168328,Not specified
78,accounting clerk,,"June 05, 2024",2024-07-04,"June 05, 2024",M-A Séguin CPA inc.,Gatineau (QC),Salary: $25.00 to $35.00 hourly,13949232,https://www.jobillico.com/en/job-offer/m-a-seguin-cpa-inc/bookkeeper/13949232?ji_visitsrc=136,"{'Language Requirement': 'Not specified', 'Experience Requirement': 'Not specified', 'Benefits': []}","Gatineau , QC",$ 25.00 to $ 35.00 HOUR hourly,Permanent employment Full time,Starts as soon as possible,1 vacancy,Jobillico #13949232,Not specified
79,accounting clerk,,"May 27, 2024",2024-06-25,"May 27, 2024",Vixit ltée,Montréal (QC),Salary: $22.00 hourly,12711214,https://www.jobillico.com/en/job-offer/vixit-ltee/accounting-clerk/12711214?ji_visitsrc=136,"{'Language Requirement': 'Not specified', 'Experience Requirement': 'Not specified', 'Benefits': []}","Montréal , QC",$ 22.00 HOUR hourly,Permanent employment Part time,Starts as soon as possible,1 vacancy,Jobillico #12711214,Not specified
80,accounting clerk,,"June 10, 2024",Not specified,"June 10, 2024",Ponting Contracting Ltd.,Campbell River (BC),Salary: $28.00 to $34.00 hourly,9317046874,https://ca.indeed.com/viewjob?jk=8e3eaa437e16484b&sid=cajb&kw=cajb,"{'Language Requirement': 'Not specified', 'Experience Requirement': 'Not specified', 'Benefits': []}","Campbell River , BC",$ 28.00 to $ 34.00 HOUR hourly,Part time,Starts as soon as possible,1 vacancy,indeed.com #9317046874,Not specified
