,Job Title,Original Title,Posted Date,Advertised Until,Job Source,Verified Status,Job Description,Job Date,Company Name,Location,Salary,Job Number,Job Applying Link,Additional Details,Location,Salary,Terms of Employment,Start Date,Vacancies,Source,Other
0,account executive,,"June 21, 2024",Not specified,,,,"June 21, 2024",Urogen ED,Toronto (ON),"Salary: $50,000.00 to $100,000.00 annually",9332827254,https://ca.indeed.com/viewjob?jk=bd3e2d5013bd98f2&sid=cajb&kw=cajb,"{'Language Requirement': 'Not specified', 'Experience Requirement': 'Not specified', 'Benefits': []}","Toronto , ON","$ 50,000 to $ 100,000 YEAR annually",Full time,Starts as soon as possible,1 vacancy,indeed.com #9332827254,Not specified
1,account executive,,"June 18, 2024",Not specified,,,,"June 18, 2024",WebMarketers,Ottawa (ON),"Salary: $60,000.00 to $80,000.00 annually",9328738279,https://ca.indeed.com/viewjob?jk=3575299294600852&sid=cajb&kw=cajb,"{'Language Requirement': 'Not specified', 'Experience Requirement': 'Not specified', 'Benefits': []}","Ottawa , ON","$ 60,000 to $ 80,000 YEAR annually",Full time,Starts as soon as possible,1 vacancy,indeed.com #9328738279,Not specified
2,account executive,,"June 19, 2024",Not specified,,,,"June 19, 2024",Smartli,Toronto (ON),"Salary: $50,000.00 to $55,000.00 annually",9329756715,https://ca.indeed.com/viewjob?jk=1f244a8caf44124b&sid=cajb&kw=cajb,"{'Language Requirement': 'Not specified', 'Experience Requirement': 'Not specified', 'Benefits': []}","Toronto , ON","$ 50,000 to $ 55,000 YEAR annually",Full time,Starts as soon as possible,1 vacancy,indeed.com #9329756715,Not specified
3,account executive,,"June 06, 2024",Not specified,,,,"June 06, 2024",Metaguest Inc.,Etobicoke (ON),"Salary: $7,000.00 to $10,000.00 monthly",9312512089,https://ca.indeed.com/viewjob?jk=1a6ffff7d187c71e&sid=cajb&kw=cajb,"{'Language Requirement': 'Not specified', 'Experience Requirement': 'Not specified', 'Benefits': []}","Etobicoke , ON","$ 7,000 to $ 10,000 MONTH monthly",Full time,Starts as soon as possible,1 vacancy,indeed.com #9312512089,Not specified
4,account executive,,"June 20, 2024",Not specified,,,,"June 20, 2024",Contra,Toronto (ON),"Salary: $38,969.09 to $121,238.77 annually",9331443429,https://ca.indeed.com/viewjob?jk=ca31236319776e7d&sid=cajb&kw=cajb,"{'Language Requirement': 'Not specified', 'Experience Requirement': 'Not specified', 'Benefits': []}","Toronto , ON","$ 38,969.09 to $ 121,238.77 YEAR annually",Full time,Starts as soon as possible,1 vacancy,indeed.com #9331443429,Not specified
5,account executive,,"June 17, 2024",Not specified,,,,"June 17, 2024",Technology Advisory Professionals Inc.,Calgary (AB),"Salary: $64,713.00 to $74,772.00 annually",9326477985,https://ca.indeed.com/viewjob?jk=64cd72925a3e3070&sid=cajb&kw=cajb,"{'Language Requirement': 'Not specified', 'Experience Requirement': 'Not specified', 'Benefits': []}","Calgary , AB","$ 64,713 to $ 74,772 YEAR annually",Permanent employment Full time,Starts as soon as possible,1 vacancy,indeed.com #9326477985,Not specified
6,account executive,Title posted on Jobboom -Key Account Lead (US),"June 10, 2024",2024-07-09,,,,"June 10, 2024",Maison Battat Inc.,Mont-Royal (QC),Salary not available,3259091,https://www.jobboom.com/en/job-offer/key-account-lead-us_maison-battat-inc_p3259091,"{'Language Requirement': 'Not specified', 'Experience Requirement': 'Not specified', 'Benefits': []}","Mont-Royal , QC",Not available,Permanent employment Full time,Starts as soon as possible,1 vacancy,Jobboom #3259091,Not specified
7,account executive,,"June 12, 2024",Not specified,,,,"June 12, 2024",BLAZE Canada,Toronto (ON),"Salary: $60,000.00 to $65,000.00 annually",9320232015,https://ca.indeed.com/viewjob?jk=3c0246df4a463a5a&sid=cajb&kw=cajb,"{'Language Requirement': 'Not specified', 'Experience Requirement': 'Not specified', 'Benefits': []}","Toronto , ON","$ 60,000 to $ 65,000 YEAR annually",Full time,Starts as soon as possible,1 vacancy,indeed.com #9320232015,Not specified
8,account executive,,"June 17, 2024",Not specified,,,,"June 17, 2024",The Logic,Toronto (ON),Salary not available,9326466677,https://ca.indeed.com/viewjob?jk=b556c7c08a85c761&sid=cajb&kw=cajb,"{'Language Requirement': 'Not specified', 'Experience Requirement': 'Not specified', 'Benefits': []}","Toronto , ON",Not available,Full time,Starts as soon as possible,1 vacancy,indeed.com #9326466677,Not specified
9,account executive,,"May 29, 2024",2024-06-29,,,,"May 29, 2024",2 Web Design Inc.,Saskatoon (SK),Salary not available,1355288,http://www.saskjobs.ca/jsp/joborder/detail.jsp?job_order_id=1355288,"{'Language Requirement': 'Not specified', 'Experience Requirement': 'Not specified', 'Benefits': []}","Saskatoon , SK",Not available,Not specified,Starts as soon as possible,Not specified,SaskJobs #1355288,Not specified
10,account executive,,"June 21, 2024",Not specified,,,,"June 21, 2024",Titanium Transportation Group Inc.,Lakeshore (ON),Salary not available,9333315669,https://ca.indeed.com/viewjob?jk=99fad7baff157d39&sid=cajb&kw=cajb,"{'Language Requirement': 'Not specified', 'Experience Requirement': 'Not specified', 'Benefits': []}","Lakeshore , ON",Not available,Permanent employment Full time,Starts as soon as possible,1 vacancy,indeed.com #9333315669,Not specified
11,account executive,,"June 21, 2024",Not specified,,,,"June 21, 2024",Titanium Transportation Group Inc.,Essex (ON),Salary not available,9333315701,https://ca.indeed.com/viewjob?jk=f2a43e35e653a5c6&sid=cajb&kw=cajb,"{'Language Requirement': 'Not specified', 'Experience Requirement': 'Not specified', 'Benefits': []}","Essex , ON",Not available,Permanent employment Full time,Starts as soon as possible,1 vacancy,indeed.com #9333315701,Not specified
12,account executive,,"June 21, 2024",Not specified,,,,"June 21, 2024",Titanium Transportation Group Inc.,Leamington (ON),Salary not available,9333312158,https://ca.indeed.com/viewjob?jk=e7f5170bf9c02015&sid=cajb&kw=cajb,"{'Language Requirement': 'Not specified', 'Experience Requirement': 'Not specified', 'Benefits': []}","Leamington , ON",Not available,Permanent employment Full time,Starts as soon as possible,1 vacancy,indeed.com #9333312158,Not specified
13,account executive,,"June 21, 2024",Not specified,,,,"June 21, 2024",Titanium Transportation Group Inc.,Amherstburg (ON),Salary not available,9333315674,https://ca.indeed.com/viewjob?jk=d711edf8f087ad9f&sid=cajb&kw=cajb,"{'Language Requirement': 'Not specified', 'Experience Requirement': 'Not specified', 'Benefits': []}","Amherstburg , ON",Not available,Permanent employment Full time,Starts as soon as possible,1 vacancy,indeed.com #9333315674,Not specified
14,account executive,,"June 21, 2024",Not specified,,,,"June 21, 2024",Titanium Transportation Group Inc.,Mississauga (ON),Salary not available,9333318883,https://ca.indeed.com/viewjob?jk=465827f9d6ef6829&sid=cajb&kw=cajb,"{'Language Requirement': 'Not specified', 'Experience Requirement': 'Not specified', 'Benefits': []}","Mississauga , ON",Not available,Permanent employment Full time,Starts as soon as possible,1 vacancy,indeed.com #9333318883,Not specified
15,account executive,,"June 21, 2024",Not specified,,,,"June 21, 2024",Titanium Transportation Group Inc.,Comber (ON),Salary not available,9333315717,https://ca.indeed.com/viewjob?jk=8366159652f0a211&sid=cajb&kw=cajb,"{'Language Requirement': 'Not specified', 'Experience Requirement': 'Not specified', 'Benefits': []}","Comber , ON",Not available,Permanent employment Full time,Starts as soon as possible,1 vacancy,indeed.com #9333315717,Not specified
16,account executive,,"June 21, 2024",Not specified,,,,"June 21, 2024",Titanium Transportation Group Inc.,North York (ON),Salary not available,9333317347,https://ca.indeed.com/viewjob?jk=3d444ff6d2bf3392&sid=cajb&kw=cajb,"{'Language Requirement': 'Not specified', 'Experience Requirement': 'Not specified', 'Benefits': []}","North York , ON",Not available,Permanent employment Full time,Starts as soon as possible,1 vacancy,indeed.com #9333317347,Not specified
17,account executive,,"June 21, 2024",Not specified,,,,"June 21, 2024",Titanium Transportation Group Inc.,North York (ON),Salary not available,9333318893,https://ca.indeed.com/viewjob?jk=36c457d5651ec4ec&sid=cajb&kw=cajb,"{'Language Requirement': 'Not specified', 'Experience Requirement': 'Not specified', 'Benefits': []}","North York , ON",Not available,Permanent employment Full time,Starts as soon as possible,1 vacancy,indeed.com #9333318893,Not specified
18,account executive,,"June 21, 2024",Not specified,,,,"June 21, 2024",Titanium Transportation Group Inc.,Kingsville (ON),Salary not available,9333315693,https://ca.indeed.com/viewjob?jk=9a759a49f0f52423&sid=cajb&kw=cajb,"{'Language Requirement': 'Not specified', 'Experience Requirement': 'Not specified', 'Benefits': []}","Kingsville , ON",Not available,Permanent employment Full time,Starts as soon as possible,1 vacancy,indeed.com #9333315693,Not specified
19,account executive,,"June 21, 2024",Not specified,,,,"June 21, 2024",Titanium Transportation Group Inc.,Tilbury (ON),Salary not available,9333315744,https://ca.indeed.com/viewjob?jk=e94c16760b1bc2ed&sid=cajb&kw=cajb,"{'Language Requirement': 'Not specified', 'Experience Requirement': 'Not specified', 'Benefits': []}","Tilbury , ON",Not available,Permanent employment Full time,Starts as soon as possible,1 vacancy,indeed.com #9333315744,Not specified
20,account executive,Title posted on indeed.com -Account Executive (B2B),"June 14, 2024",Not specified,,,,"June 14, 2024",Accuenergy (Canada) Inc.,Scarborough (ON),Salary not available,9324036922,https://ca.indeed.com/viewjob?jk=a63c8a499f696047&sid=cajb&kw=cajb,"{'Language Requirement': 'Not specified', 'Experience Requirement': 'Not specified', 'Benefits': []}","Scarborough , ON",Not available,Full time,Starts as soon as possible,1 vacancy,indeed.com #9324036922,Not specified
21,account executive,,"April 10, 2024",2024-07-06,Job Bank,Verified,This job was posted directly by the employer on Job Bank.,"April 10, 2024",Kenan Courier and Logistics,Milton (ON),Salary: $41.35 hourly,2873296,,"{'Language Requirement': 'English', 'Experience Requirement': '1 year to less than 2 years', 'Benefits': []}","8250 Lawson Rd Milton , ON L9T 5C6",$ 41.35 HOUR hourly / 35 hours per week,Permanent employment Full time,Starts as soon as possible,2,Job Bank #2873296,Not specified
22,"account executive, advertising",,"March 20, 2024",2024-07-06,Job Bank,Verified,This job was posted directly by the employer on Job Bank.,"March 20, 2024",Vancouver Whitecaps FC LP o/a Vancouver Whitecaps FC,Vancouver (BC),"Salary: $60,000.00 to $65,000.00 annually (to be negotiated)",2845405,,"{'Language Requirement': 'English', 'Experience Requirement': '2 years to less than 3 years', 'Benefits': ['Dental plan', 'Health care plan', 'Other benefits']}","Vancouver , BC","$ 60,000 to $ 65,000 YEAR annually (To be negotiated) / 40 hours per week",Permanent employment Full time,Starts as soon as possible,1 vacancy,Job Bank #2845405,"Benefits:
					Health benefits, Other benefits"
23,corporate sales manager,"Title posted on CareerBeacon -Client Executive, Enterprise","June 12, 2024",2024-07-20,,,,"June 12, 2024",Bell Canada,Calgary (AB),Salary not available,2076423,https://www.careerbeacon.com/en/job/2076423/bell-canada/client-executive-enterprise/calgary?utm_campaign=feeds&utm_source=jobbank&utm_medium=Careerbeacon,"{'Language Requirement': 'Not specified', 'Experience Requirement': 'Not specified', 'Benefits': []}","Calgary , AB",Not available,Not available,Starts as soon as possible,Not specified,CareerBeacon #2076423,Not specified
