,Job Title,Posted Date,Advertised Until,Job Date,Company Name,Location,Salary,Job Number,Job Applying Link,Additional Details,Location,Salary,Terms of Employment,Start Date,Vacancies,Source,Other
0,construction labourer,"May 29, 2024",Not specified,"May 29, 2024",Stoic Industries Construction Management Inc.,Port Hardy (BC),Salary:$20.00 to $30.00 hourly,9299375618,https://ca.indeed.com/viewjob?jk=02ce47332b87f641&sid=cajb&kw=cajb,"{'Language Requirement': 'Not specified', 'Experience Requirement': 'Not specified', 'Benefits': []}","Port Hardy , BC",$ 20.00 to $ 30.00 HOUR hourly,Full time,Starts as soon as possible,1 vacancy,indeed.com #9299375618,Not specified
1,construction labourer,"June 08, 2024",Not specified,"June 08, 2024",Professional Home Care,Scarborough (ON),Salary:$20.00 to $30.00 hourly,9315047189,https://ca.indeed.com/viewjob?jk=9b30f05480e4fd1b&sid=cajb&kw=cajb,"{'Language Requirement': 'Not specified', 'Experience Requirement': 'Not specified', 'Benefits': []}","Scarborough , ON",$ 20.00 to $ 30.00 HOUR hourly,Full time,Starts as soon as possible,1 vacancy,indeed.com #9315047189,Not specified
2,construction labourer,"May 30, 2024",2024-06-26,"May 30, 2024",Eastern Group,Ottawa (ON),Salary:$28.69 hourly,e33024a4,https://www.ziprecruiter.com/k/t/AAJv3HgFg5E-ng1mxYpYH090EGUoMmbyA6ErQLo1wVcKbFtK_BGf-3ULhdT2_hlmgSZSn7ZGJLwIyoylnDVGUGTQb9uNhOsSyfY-7KoUTk2acGzZfIlfwtqE8pf_q2qYypLO7Xbf8ebfkougZR-rxomRJIi4QSV0hzaMx5mmaBr2rDHTBMR33PbCPk_RvXmPyzKwfdUQovbqvFt8zNPu4o8ZBvluBLsOwXWJJYYgTlTi43f-k86gMw46ZqfF-h6QxW_zAL8dT60RLf1FJ_VMta5kv2YyV3JgZMzwXT7XUE3T,"{'Language Requirement': 'Not specified', 'Experience Requirement': 'Not specified', 'Benefits': []}","Ottawa , ON",$ 28.69 HOUR hourly,Permanent employment Full time,Starts as soon as possible,1 vacancy,ZipRecruiter #e33024a4,Not specified
3,construction labourer,"May 29, 2024",Not specified,"May 29, 2024",Renovation Team,Gananoque (ON),Salary:$18.00 to $19.00 hourly,9298747156,https://ca.indeed.com/viewjob?jk=1d64554871fa7f57&sid=cajb&kw=cajb,"{'Language Requirement': 'Not specified', 'Experience Requirement': 'Not specified', 'Benefits': []}","Gananoque , ON",$ 18.00 to $ 19.00 HOUR hourly,Full time,Starts as soon as possible,1 vacancy,indeed.com #9298747156,Not specified
4,construction labourer,"June 10, 2024",Not specified,"June 10, 2024",Winnpro Construction Ltd.,Winnipeg (MB),Salary:$20.00 to $22.95 hourly,9317210758,https://ca.indeed.com/viewjob?jk=cad8040af441ec63&sid=cajb&kw=cajb,"{'Language Requirement': 'Not specified', 'Experience Requirement': 'Not specified', 'Benefits': []}","Winnipeg , MB",$ 20.00 to $ 22.95 HOUR hourly,Full time,Starts as soon as possible,1 vacancy,indeed.com #9317210758,Not specified
5,construction labourer,"June 11, 2024",Not specified,"June 11, 2024",South Brant Excavating,Brant (ON),Salary:$20.00 to $30.00 hourly,9318775360,https://ca.indeed.com/viewjob?jk=8bf30ce1a64f64c2&sid=cajb&kw=cajb,"{'Language Requirement': 'Not specified', 'Experience Requirement': 'Not specified', 'Benefits': []}","Brant , ON",$ 20.00 to $ 30.00 HOUR hourly,Full time,Starts as soon as possible,1 vacancy,indeed.com #9318775360,Not specified
6,construction labourer,"June 05, 2024",Not specified,"June 05, 2024",Benco Ventures,Courtenay (BC),Salary:$18.00 to $22.00 hourly,9310320278,https://ca.indeed.com/viewjob?jk=3c27cc0a9807aa5d&sid=cajb&kw=cajb,"{'Language Requirement': 'Not specified', 'Experience Requirement': 'Not specified', 'Benefits': []}","Courtenay , BC",$ 18.00 to $ 22.00 HOUR hourly,Permanent employment Full time,Starts as soon as possible,1 vacancy,indeed.com #9310320278,Not specified
7,construction labourer,"June 06, 2024",2024-07-05,"June 06, 2024",SpartaCon,Ottawa (ON),Salary:$27.34 hourly,fdd2af91,https://www.ziprecruiter.com/k/t/AAJySjRP-GxK7imSE8szmftrmHmR6dTLrcgv0TN1QDjRdy1QaCNg8g90CdhyfQxuqMPpK7LlleIaZHh-UHC5D1y8a3pIocCzfRoz_uiqxjT81NljcjZ-xnxs0xOkn5k0DveCf_k90y429qFcjhL54VPvBue18kDJjBW9ZN1T8Ey4pVqrrvCZz2LCxp5MAjXik7hbQh1hz72mH0eDcQ-GKhdvsN8CQbt26CJXUTsaHy-FZ8POaEtyeBKzJwzkOVRR31EUkeltpd5Oj-EVuQnygrdki_LiUiULh5Bu0s9UieXXKMP7l-Y,"{'Language Requirement': 'Not specified', 'Experience Requirement': 'Not specified', 'Benefits': []}","Ottawa , ON",$ 27.34 HOUR hourly,Permanent employment Full time,Starts as soon as possible,1 vacancy,ZipRecruiter #fdd2af91,Not specified
8,construction labourer,"May 31, 2024",Not specified,"May 31, 2024",Capital Construction (2007) INC.,Greater Sudbury (ON),Salary:$22.00 to $26.00 hourly,9302626581,https://ca.indeed.com/viewjob?jk=77bf4cf3b95d1ac0&sid=cajb&kw=cajb,"{'Language Requirement': 'Not specified', 'Experience Requirement': 'Not specified', 'Benefits': []}","Greater Sudbury , ON",$ 22.00 to $ 26.00 HOUR hourly,Full time,Starts as soon as possible,1 vacancy,indeed.com #9302626581,Not specified
9,general construction labourer,"June 07, 2024",2024-07-06,"June 07, 2024",10730017 Canada Corp,Toronto (ON),Salary not available,ec39431e33,https://www.ziprecruiter.com/k/t/AALgj2xO4uCCdseTNN-kyUVXk-9x5Y8UndqgFZ00Trbq9YvdmmhS-Fhs-1WS5h1VDmN3J6MyaiD-Xap6MC2lsxG3OhrZA5W77TVoH2zoekA6cHnMoG8HCKDmnnIfrgA5vtAHxQH-tvKrJ1rBQXZ0q9S6QSdr3EsVtjxlzUXXyDznN1LRXiG_49fHVtxCuqOdvjWrIG2barnB7X_OBW7kpSq2QFgwzuBJDN-gAMl4R15m-Nsm8MWnX70AclzvZwgEC_xab2RxvLpEhJvGYzdOquigFrmI3LJ0tdWRM3bzp3sW15X_nyshG2N2CEpJDdqei_uK,"{'Language Requirement': 'Not specified', 'Experience Requirement': 'Not specified', 'Benefits': []}","Toronto , ON",Not available,Permanent employment Full time,Starts as soon as possible,1 vacancy,ZipRecruiter #ec39431e33,Not specified
10,"labourer, construction","May 29, 2024",2024-06-30,"May 29, 2024",Fedorowich Construction Ltd.,Yorkton (SK),Salary:$20-$25 per hour,1355210,http://www.saskjobs.ca/jsp/joborder/detail.jsp?job_order_id=1355210,"{'Language Requirement': 'Not specified', 'Experience Requirement': 'Not specified', 'Benefits': []}","Yorkton , SK",$ 20.00 to $ 25.00 HOUR hourly,Not specified,Starts as soon as possible,Not specified,SaskJobs #1355210,Not specified
11,construction labourer,"May 28, 2024",Not specified,"May 28, 2024",Tight Rein Construction Ltd.,Toronto (ON),Salary:$18.00 to $26.00 hourly,9297562274,https://ca.indeed.com/viewjob?jk=ba1e34692b79e4ba&sid=cajb&kw=cajb,"{'Language Requirement': 'Not specified', 'Experience Requirement': 'Not specified', 'Benefits': []}","Toronto , ON",$ 18.00 to $ 26.00 HOUR hourly,Full time,Starts as soon as possible,1 vacancy,indeed.com #9297562274,Not specified
12,construction labourer,"May 28, 2024",Not specified,"May 28, 2024",Tight Rein Construction Ltd.,Pickering (ON),Salary:$18.00 to $26.00 hourly,9297567652,https://ca.indeed.com/viewjob?jk=9250d8ae999655c8&sid=cajb&kw=cajb,"{'Language Requirement': 'Not specified', 'Experience Requirement': 'Not specified', 'Benefits': []}","Pickering , ON",$ 18.00 to $ 26.00 HOUR hourly,Full time,Starts as soon as possible,1 vacancy,indeed.com #9297567652,Not specified
13,general construction labourer,"May 22, 2024",2024-06-30,"May 22, 2024",Capital Petroleum Service Ltd.,Regina (SK),Salary not available,1352974,http://www.saskjobs.ca/jsp/joborder/detail.jsp?job_order_id=1352974,"{'Language Requirement': 'Not specified', 'Experience Requirement': 'Not specified', 'Benefits': []}","Regina , SK",Not available,Not specified,Starts as soon as possible,Not specified,SaskJobs #1352974,Not specified
14,construction labourer,"June 10, 2024",Not specified,"June 10, 2024",Synergy Radon,Kelowna (BC),Salary:$25.00 hourly,9316979540,https://ca.indeed.com/viewjob?jk=73bfae54ce8d4c17&sid=cajb&kw=cajb,"{'Language Requirement': 'Not specified', 'Experience Requirement': 'Not specified', 'Benefits': []}","Kelowna , BC",$ 25.00 HOUR hourly,Permanent employment Full time,Starts as soon as possible,1 vacancy,indeed.com #9316979540,Not specified
15,construction labourer,"June 06, 2024",2024-07-07,"June 06, 2024",Matrix Camps and Logistics,Edmonton (AB),Salary not available,55BC579B6E,https://job-openings.monster.ca/general-skilled-labourer-edmonton-ab-ca-matrix-camps-logistics/a68bbb79-6127-4a52-bead-a1fe6390e968?mescoid=4700799001001,"{'Language Requirement': 'Not specified', 'Experience Requirement': 'Not specified', 'Benefits': []}","Edmonton , AB",Not available,Not specified,Starts as soon as possible,1 vacancy,Monster #55BC579B6E,Not specified
16,construction labourer,"May 14, 2024",Not specified,"May 14, 2024",Allens Enterprises Services Inc.,Thunder Bay (ON),Salary:$28.00 hourly,9279165624,https://ca.indeed.com/viewjob?jk=5082703f38632869&sid=cajb&kw=cajb,"{'Language Requirement': 'Not specified', 'Experience Requirement': 'Not specified', 'Benefits': []}","Thunder Bay , ON",$ 28.00 HOUR hourly,Part time,Starts as soon as possible,1 vacancy,indeed.com #9279165624,Not specified
17,general construction labourer,"May 26, 2024",Not specified,"May 26, 2024",CM Windows & Doors,Cornwall (ON),Salary:$20.00 to $28.00 hourly,9295271894,https://ca.indeed.com/viewjob?jk=2ad64d69afb5429d&sid=cajb&kw=cajb,"{'Language Requirement': 'Not specified', 'Experience Requirement': 'Not specified', 'Benefits': []}","Cornwall , ON",$ 20.00 to $ 28.00 HOUR hourly,Full time,Starts as soon as possible,1 vacancy,indeed.com #9295271894,Not specified
18,construction labourer,"May 30, 2024",Not specified,"May 30, 2024",NxStar Systems inc,Kamloops (BC),Salary:$20.00 to $26.00 hourly,9301189995,https://ca.indeed.com/viewjob?jk=e466ed0e7713c462&sid=cajb&kw=cajb,"{'Language Requirement': 'Not specified', 'Experience Requirement': 'Not specified', 'Benefits': []}","Kamloops , BC",$ 20.00 to $ 26.00 HOUR hourly,Full time,Starts as soon as possible,1 vacancy,indeed.com #9301189995,Not specified
19,pipelayer,"June 10, 2024",Not specified,"June 10, 2024",Grizzly Excavating Ltd,Penticton (BC),Salary:$35.00 hourly,9316902444,https://ca.indeed.com/viewjob?jk=898f82f7cf422c30&sid=cajb&kw=cajb,"{'Language Requirement': 'Not specified', 'Experience Requirement': 'Not specified', 'Benefits': []}","Penticton , BC",$ 35.00 HOUR hourly,Full time,Starts as soon as possible,1 vacancy,indeed.com #9316902444,Not specified
20,construction labourer,"May 31, 2024",Not specified,"May 31, 2024",Bursey Contracting (2010) Ltd,St. John's (NL),Salary:$17.00 to $19.00 hourly,9302724407,https://ca.indeed.com/viewjob?jk=dfe81cf7fa1db1db&sid=cajb&kw=cajb,"{'Language Requirement': 'Not specified', 'Experience Requirement': 'Not specified', 'Benefits': []}","St. John's , NL",$ 17.00 to $ 19.00 HOUR hourly,Full time,Starts as soon as possible,1 vacancy,indeed.com #9302724407,Not specified
21,general construction labourer,"June 04, 2024",2024-07-03,"June 04, 2024",Faber Connect,Calgary (AB),Salary:$25.93 hourly,90dd25dd4,https://www.ziprecruiter.com/k/t/AAKOGf4OiHj1lVda94Tgb9xZbhIKmVZwDHSkd_B7t3mT0kUwBK4bJ0OxgboCZtUowfOuqvf6qGfNt6CI5-yOTAZppP9av-V8x0LLuvqx4etahlmcCgPw_YtcKX3nSppCQsaPbo-mHAlG9WOBU6Nx2HEjJL_S_akCHjp07Zf0hdit9BEU21hB7WhLwafhL5hGM9kxl_uByAo7-tLASRZJKu0oXgkX6yBmqgRul2RBo38PSnxIaoHoOIQMJvuq5kTrki8ht-Shlai8UnX8a2y1gIbkXmlKRutmWblP0l6tjlTg5Q3rYSMvwpI,"{'Language Requirement': 'Not specified', 'Experience Requirement': 'Not specified', 'Benefits': []}","Calgary , AB",$ 25.93 HOUR hourly,Term or contract,Starts as soon as possible,1 vacancy,ZipRecruiter #90dd25dd4,Not specified
22,construction labourer,"May 21, 2024",2024-06-19,"May 21, 2024",WillOak Turf & Landscapes Ltd.,Calgary (AB),Salary:$24.57 hourly,eafdb1f5,https://www.ziprecruiter.com/k/t/AAJ7yff7cESm2kFF1Ou5441AfWLTmQV8pkzaQodrKRwqTdppq6xWVBeiv8S_u-ahX55BCdHTAF-xm1rhTCuD1y3mdlFhbHuOalfDZ3gVYrBg-HsQqIEfLj7LMvr6L_FRLRkjpHFouLW_dtqs9OSKcUNJPSx1vBuM2phNrkwX--L_3KCgcxWe3-n9iDCL86xvYGug_augIR13GbK1xEBvVQxn50xxwUgavhqNm8X6Pm2Yxvgztfd3svXs6dAXTMS-MM8HrNcRfzLZrH0mluFxX0dE56J4EamuDOmZK0FtoP1PNZb3rG2mjxpcNQXZ5gQsSK-ORQ6K5W8qTglaTY8NOy_JVw,"{'Language Requirement': 'Not specified', 'Experience Requirement': 'Not specified', 'Benefits': []}","Calgary , AB",$ 24.57 HOUR hourly,Permanent employment Full time,Starts as soon as possible,1 vacancy,ZipRecruiter #eafdb1f5,Not specified
23,general construction labourer,"June 07, 2024",2024-07-08,"June 07, 2024",Fast Labour Solutions,Stand Off (AB),Salary not available,UmQ1iuBmLX,https://job-openings.monster.ca/general-labours-skilled-carpenter-stand-off-ab-ca-fast-labour-solutions/b1df464c-9928-4155-bcae-12c458bc1603?mescoid=4700790001001,"{'Language Requirement': 'Not specified', 'Experience Requirement': 'Not specified', 'Benefits': []}","Stand Off , AB",Not available,Not specified,Starts as soon as possible,1 vacancy,Monster #UmQ1iuBmLX,Not specified
24,construction labourer,"June 04, 2024",2024-07-03,"June 04, 2024",McNish Steel,Edmonton (AB),Salary:$30.96 hourly,e2ee219152,https://www.ziprecruiter.com/k/t/AAKvtyGBYJE2H5XTdL8gYEAP8K-TO2FwvSVuBz4nFtUMKhu1SgyKj2y6BFchWvwekY15OIa6nooAmBDmIktDFHufLaSN24FrkB0AuEzl6Ca8phlHJm6Xck3e1qYay_4SOUQqxYNTW_Cupx6TyuWizb_99aoqP1rZrUlyboNOe4wKGubjznD8RW8vrMuG3t8w4pjjraIR4m7hqrr4xii0to_N4_hBzBzC4WJcz_aYWpTV9WHhI-hRLZhSdlZvCi-JK86o_K9moqUWYJNrIr74wrw8Uouts772zjeIzS1YIZf_Uoksnzuy3k0,"{'Language Requirement': 'Not specified', 'Experience Requirement': 'Not specified', 'Benefits': []}","Edmonton , AB",$ 30.96 HOUR hourly,Not specified,Starts as soon as possible,1 vacancy,ZipRecruiter #e2ee219152,Not specified
25,demolition worker,"May 30, 2024",2024-06-28,"May 30, 2024",Dubé,Cochrane (ON),Salary not available,12568363,https://www.jobillico.com/en/job-offer/dube/crusher-labourer-detour-lake-mine/12568363?ji_visitsrc=136,"{'Language Requirement': 'Not specified', 'Experience Requirement': 'Not specified', 'Benefits': []}","Cochrane , ON",Not available,Permanent employment Full time,Starts as soon as possible,1 vacancy,Jobillico #12568363,Not specified
26,general construction labourer,"May 22, 2024",2024-06-22,"May 22, 2024",Nasittuq Corporation,Grise Fiord (NU),Salary not available,241172870,https://job-openings.monster.ca/general-labourers-inuit-employment-grise-fiord-nu-ca-nasittuq-corporation/ceb1a12b-21df-4bfa-9922-d3a656455374?mescoid=4700799001001,"{'Language Requirement': 'Not specified', 'Experience Requirement': 'Not specified', 'Benefits': []}","Grise Fiord , NU",Not available,Not specified,Starts as soon as possible,1 vacancy,Monster #241172870,Not specified
27,demolition worker,"June 05, 2024",Not specified,"June 05, 2024",Deconstructors,Victoria (BC),Salary:$21.00 to $26.00 hourly,9311017410,https://ca.indeed.com/viewjob?jk=7d4ecf72222e901f&sid=cajb&kw=cajb,"{'Language Requirement': 'Not specified', 'Experience Requirement': 'Not specified', 'Benefits': []}","Victoria , BC",$ 21.00 to $ 26.00 HOUR hourly,Full time,Starts as soon as possible,1 vacancy,indeed.com #9311017410,Not specified
28,scaffolder,"June 06, 2024",Not specified,"June 06, 2024",Elevations Scaffold Ltd,Surrey (BC),Salary:$25.00 to $45.00 hourly,9312215331,https://ca.indeed.com/viewjob?jk=888de67536306d7c&sid=cajb&kw=cajb,"{'Language Requirement': 'Not specified', 'Experience Requirement': 'Not specified', 'Benefits': []}","Surrey , BC",$ 25.00 to $ 45.00 HOUR hourly,Full time,Starts as soon as possible,1 vacancy,indeed.com #9312215331,Not specified
29,general construction labourer,"May 29, 2024",2024-06-29,"May 29, 2024",Weed Man Alberta,Calgary (AB),Salary not available,EK6LpHGl44,https://job-openings.monster.ca/general-labor-calgary-ab-ca-weed-man-alberta/29749c54-d6d9-4f22-b36a-7b2df30d4713?mescoid=4700799001001,"{'Language Requirement': 'Not specified', 'Experience Requirement': 'Not specified', 'Benefits': []}","Calgary , AB",Not available,Permanent employment Part time,Starts as soon as possible,1 vacancy,Monster #EK6LpHGl44,Not specified
30,demolition worker,"May 21, 2024",Not specified,"May 21, 2024",Deconstructors,Victoria (BC),Salary:$21.00 to $28.00 hourly,9288498689,https://ca.indeed.com/viewjob?jk=b50c251dd8b13bc5&sid=cajb&kw=cajb,"{'Language Requirement': 'Not specified', 'Experience Requirement': 'Not specified', 'Benefits': []}","Victoria , BC",$ 21.00 to $ 28.00 HOUR hourly,Full time,Starts as soon as possible,1 vacancy,indeed.com #9288498689,Not specified
31,demolition worker,"May 21, 2024",Not specified,"May 21, 2024",Deconstructors,Victoria (BC),Salary:$21.00 to $26.00 hourly,9288494467,https://ca.indeed.com/viewjob?jk=0d24cd05d6e20c9d&sid=cajb&kw=cajb,"{'Language Requirement': 'Not specified', 'Experience Requirement': 'Not specified', 'Benefits': []}","Victoria , BC",$ 21.00 to $ 26.00 HOUR hourly,Full time,Starts as soon as possible,1 vacancy,indeed.com #9288494467,Not specified
32,construction worker,"June 02, 2024",Not specified,"June 02, 2024",Riverstone Contracting corporation,Location,Salary not available,9305266755,https://ca.indeed.com/viewjob?jk=f827a701c35e16b6&sid=cajb&kw=cajb,"{'Language Requirement': 'Not specified', 'Experience Requirement': 'Not specified', 'Benefits': []}",Simcoe County,Not available,Full time,Starts as soon as possible,1 vacancy,indeed.com #9305266755,Not specified
33,construction labourer,"May 30, 2024",2024-06-26,"May 30, 2024",Quattro Contracting Inc,Georgetown (ON),Salary:$34.16 hourly,2bb4841227,https://www.ziprecruiter.com/k/t/AAKR39x63KAwaCBSObFR8Y2_-WvT5GeolqS3JFmITLq0X9lhtp227IM6kM0e6iHoMNKUxi3-PTlHWuuVxCGGqrpDe4LNCUvFEMzd4LOZ4Y3-UaCNmjDQNgWZ-29CRrVh0S-F6sNL7EAsQNF2u43g6yyKcIPZaa_XcAcTm1zNk3psZrq8WF0SgHCn7JHxmYDGRpuIvtHnkxh31GvER0DMPGPMZQvkYAOAN7H6oFQzXAOGnGs9dpzXodjGzEtAALKJ7yDIEKlJNTdq_tW7NkRwH0PPkAQ5vX6Bz5rFyH73pCXmKq6RqN7DN65IBYzDOs4oLNBJs6biMg,"{'Language Requirement': 'Not specified', 'Experience Requirement': 'Not specified', 'Benefits': []}","Georgetown , ON",$ 34.16 HOUR hourly,Permanent employment Full time,Starts as soon as possible,1 vacancy,ZipRecruiter #2bb4841227,Not specified
34,demolition worker,"May 15, 2024",Not specified,"May 15, 2024",Deconstructors,Nanaimo (BC),Salary:$21.00 to $28.00 hourly,9281160874,https://ca.indeed.com/viewjob?jk=51dc954971a734e4&sid=cajb&kw=cajb,"{'Language Requirement': 'Not specified', 'Experience Requirement': 'Not specified', 'Benefits': []}","Nanaimo , BC",$ 21.00 to $ 28.00 HOUR hourly,Full time,Starts as soon as possible,1 vacancy,indeed.com #9281160874,Not specified
35,construction labourer,"June 07, 2024",2024-07-08,"June 07, 2024",Sureway Construction Group,Edmonton (AB),Salary not available,80719537744c4d4aaa5564393e72189d,https://job-openings.monster.ca/shop-labourer-heavy-equipment-shop-edmonton-ab-ca-sureway-construction-group/9bd94488-2001-4abb-b79f-b2717fd2eb1f?mescoid=4700799001001,"{'Language Requirement': 'Not specified', 'Experience Requirement': 'Not specified', 'Benefits': []}","Edmonton , AB",Not available,Permanent employment Full time,Starts as soon as possible,1 vacancy,Monster #80719537744c4d4aaa5564393e72189d,Not specified
36,construction labourer,"June 05, 2024",Not specified,"June 05, 2024",Al Stober Construction Ltd,Kelowna (BC),Salary:$24.00 to $34.00 hourly,9310687139,https://ca.indeed.com/viewjob?jk=a6d80dd6308c9bfc&sid=cajb&kw=cajb,"{'Language Requirement': 'Not specified', 'Experience Requirement': 'Not specified', 'Benefits': []}","Kelowna , BC",$ 24.00 to $ 34.00 HOUR hourly,Permanent employment Full time,Starts as soon as possible,1 vacancy,indeed.com #9310687139,Not specified
37,construction labourer,"June 12, 2024",Not specified,"June 12, 2024",Companion Construction,Location,Salary:$20.00 to $30.00 hourly,9320170540,https://ca.indeed.com/viewjob?jk=a5927253f04a9120&sid=cajb&kw=cajb,"{'Language Requirement': 'Not specified', 'Experience Requirement': 'Not specified', 'Benefits': []}",Metro Vancouver Regional District,$ 20.00 to $ 30.00 HOUR hourly,Full time,Starts as soon as possible,1 vacancy,indeed.com #9320170540,Not specified
38,construction labourer,"June 04, 2024",2024-07-04,"June 04, 2024",JobsPassport,Alberta Park Industrial (AB),Salary not available,104767000001148166,https://job-openings.monster.ca/construction-labourer-emphasis-on-carpentry-renovations-in-canada-alberta-ab-ca-jobspassport/6872b2a8-51d7-4f63-b311-f9d4cf142289?mescoid=4700799001001,"{'Language Requirement': 'Not specified', 'Experience Requirement': 'Not specified', 'Benefits': []}","Alberta Park Industrial , AB",Not available,Not specified,Starts as soon as possible,1 vacancy,Monster #104767000001148166,Not specified
39,general construction labourer,"May 23, 2024",2024-06-21,"May 23, 2024",Media Resources,Richmond (BC),Salary not available,0015e5d71,https://www.ziprecruiter.com/k/t/AAJ9_0M8Z9SYlK0MsCrPfXtaZIXfR-o4J0h-CnI2mWNkr4-b8_4tiNMxib5lwDVQtM6q5DR-qXAO2syulyaY_XTpv2mZr78PPmG1xYudLRtaBSgHmdbksdBKJGEJESHHWvu0fl67f8veRh7psAnkaS0oEiXOGNWoJtRRbYlFZQ-NwK4S7mB_mJylDxDCnVXkCqElghCiq7I5XOYcIlVZCBVEhq8Wkam2yU3pT2nHlXgIXOZGOVn6jJQOON2tZ_1wzWw5VTwAkU-hL0liE9YCap_NmLQoCciCmSrsJEmukZ0,"{'Language Requirement': 'Not specified', 'Experience Requirement': 'Not specified', 'Benefits': []}","Richmond , BC",Not available,Permanent employment Full time,Starts as soon as possible,1 vacancy,ZipRecruiter #0015e5d71,Not specified
40,construction labourer,"June 03, 2024",2024-07-04,"June 03, 2024",Golderado Contracting Corp,Calgary (AB),Salary not available,3379023,https://job-openings.monster.ca/construction-labourer-earthworks-calgary-ab-ca-golderado-contracting-corp/1368cdac-b750-4595-a4c3-498a24b87c2a?mescoid=4700799001001,"{'Language Requirement': 'Not specified', 'Experience Requirement': 'Not specified', 'Benefits': []}","Calgary , AB",Not available,Not specified,Starts as soon as possible,1 vacancy,Monster #3379023,Not specified
41,"labourer, construction","June 05, 2024",2024-06-16,"June 05, 2024",Silverline Construction Ltd.,Swift Current (SK),Salary:$18 to $22 per hour.  EXPERIENCE pending,1357596,http://www.saskjobs.ca/jsp/joborder/detail.jsp?job_order_id=1357596,"{'Language Requirement': 'Not specified', 'Experience Requirement': 'Not specified', 'Benefits': []}","Swift Current , SK",$ 18.00 to $ 22.00 HOUR hourly,Not specified,Starts as soon as possible,Not specified,SaskJobs #1357596,Not specified
42,construction labourer,"May 28, 2024",Not specified,"May 28, 2024",KCE Construction Ltd.,Ottawa (ON),Salary:$22.00 hourly,9297681249,https://ca.indeed.com/viewjob?jk=bd60181de81b8196&sid=cajb&kw=cajb,"{'Language Requirement': 'Not specified', 'Experience Requirement': 'Not specified', 'Benefits': []}","Ottawa , ON",$ 22.00 HOUR hourly,Full time,Starts as soon as possible,1 vacancy,indeed.com #9297681249,Not specified
43,construction labourer,"May 23, 2024",2024-06-21,"May 23, 2024",Beneath Your Feet Flooring Inc,Beamsville (ON),Salary:$27.36 hourly,9106cc0b2,https://www.ziprecruiter.com/k/t/AAJ-ntcPPupxqyJMCaskQku0-ah3_5JG_YonJFFwHgqmFYnADv-5mJlTy4uwhIk0zBkHcvNDYLJXr2xO7jAwkkhxmEPEO1loJmQrfE5ElrNMmek9iBF68ElAhNtV0vE3-r-L9DQGTXxujSPBAcq1KMVZO8E4WNkupx2Jt_VtrQeYTp6ZxyZ_iRp8X5KUmCa2BP1gApmoc7LTLIM_j55NLICne9677eqY7OU2HPvxSjv7rv6Mx_q4rf2PL76b8hVDEA8YmZyzct1QmN0RcfV4ig0dALhwQMUfuPJmGb5uW7q-3eM0BhaAd9Ea4WPM6Zq1ecV3UPab3sZ6BkRK_GYQAPLvnU0ttW8CL-In-dND,"{'Language Requirement': 'Not specified', 'Experience Requirement': 'Not specified', 'Benefits': []}","Beamsville , ON",$ 27.36 HOUR hourly,Permanent employment Full time,Starts as soon as possible,1 vacancy,ZipRecruiter #9106cc0b2,Not specified
44,construction labourer,"June 10, 2024",2024-07-09,"June 10, 2024",Forever Masonry,Ottawa (ON),Salary:$27.53 hourly,e87c2ed6,https://www.ziprecruiter.com/k/t/AAKQjXp1Lo41H0O7eJSIqIltyi2Joa6Vy0ZrWoXrb4cl1WCC_ohnp-fJ1AZPJQr2Pc9IFzRvbT9moGFAL4tsomxS3OIg7jpvARRTr8-DxNlas1EdMQiiSdVMGZaWScEwaDGi37FJFUnnTxz4sdkmdArCdXHOrTah-4GtvJ4GMzvXR05Qt4ZwK1zVt3BnfoZwtxHO7SL3X9Utg-Ab2-yQmuRxRc5nc50xzf5e2-tgHxe52cEvpqSgU2KOGiDrEPzCYjG2hIUN14Svx9GjDNiqxFA4GDckww,"{'Language Requirement': 'Not specified', 'Experience Requirement': 'Not specified', 'Benefits': []}","Ottawa , ON",$ 27.53 HOUR hourly,Permanent employment Full time,Starts as soon as possible,1 vacancy,ZipRecruiter #e87c2ed6,Not specified
45,construction labourer,"May 30, 2024",Not specified,"May 30, 2024",Josh McDermott and Sons Construction,Port Carling (ON),Salary:$20.00 to $30.00 hourly,9301131232,https://ca.indeed.com/viewjob?jk=911d9334941506e2&sid=cajb&kw=cajb,"{'Language Requirement': 'Not specified', 'Experience Requirement': 'Not specified', 'Benefits': []}","Port Carling , ON",$ 20.00 to $ 30.00 HOUR hourly,Full time,Starts as soon as possible,1 vacancy,indeed.com #9301131232,Not specified
46,construction labourer,"June 05, 2024",Not specified,"June 05, 2024",H.R. Doornekamp Construction Ltd,Odessa (ON),Salary not available,9310613808,https://ca.indeed.com/viewjob?jk=81b88b26fc4e5b1a&sid=cajb&kw=cajb,"{'Language Requirement': 'Not specified', 'Experience Requirement': 'Not specified', 'Benefits': []}","Odessa , ON",Not available,Permanent employment Full time,Starts as soon as possible,1 vacancy,indeed.com #9310613808,Not specified
47,general construction labourer,"June 10, 2024",Not specified,"June 10, 2024",Insituform Technologies Ltd.,Edmonton (AB),Salary:$22.00 to $29.00 hourly,9316885783,https://ca.indeed.com/viewjob?jk=0fb1e23554e32686&sid=cajb&kw=cajb,"{'Language Requirement': 'Not specified', 'Experience Requirement': 'Not specified', 'Benefits': []}","Edmonton , AB",$ 22.00 to $ 29.00 HOUR hourly,Permanent employment Full time,Starts as soon as possible,1 vacancy,indeed.com #9316885783,Not specified
48,construction labourer,"June 03, 2024",Not specified,"June 03, 2024",Acadia Construction Inc.,Location,Salary:$18.00 to $22.00 hourly,9307017394,https://ca.indeed.com/viewjob?jk=ddf0e59349524344&sid=cajb&kw=cajb,"{'Language Requirement': 'Not specified', 'Experience Requirement': 'Not specified', 'Benefits': []}",Corman Park,$ 18.00 to $ 22.00 HOUR hourly,Full time,Starts as soon as possible,1 vacancy,indeed.com #9307017394,Not specified
49,construction labourer,"May 24, 2024",2024-06-24,"May 24, 2024",Broadstreet Properties LTD,Saskatoon (SK),Salary not available,EeavBU9Z3L,https://job-openings.monster.ca/labourer-special-projects-saskatoon-sk-ca-broadstreet-properties-ltd/1398cea6-34c0-4758-b922-d7c03e0023ea?mescoid=4700799001001,"{'Language Requirement': 'Not specified', 'Experience Requirement': 'Not specified', 'Benefits': []}","Saskatoon , SK",Not available,Permanent employment Full time,Starts as soon as possible,1 vacancy,Monster #EeavBU9Z3L,Not specified
50,construction labourer,"June 10, 2024",Not specified,"June 10, 2024",Modulux Design Ltd.,Enderby (BC),Salary:$18.00 to $22.00 hourly,9317133771,https://ca.indeed.com/viewjob?jk=35c62506857a1b4d&sid=cajb&kw=cajb,"{'Language Requirement': 'Not specified', 'Experience Requirement': 'Not specified', 'Benefits': []}","Enderby , BC",$ 18.00 to $ 22.00 HOUR hourly,Permanent employment Full time,Starts as soon as possible,1 vacancy,indeed.com #9317133771,Not specified
51,construction labourer,"June 07, 2024",Not specified,"June 07, 2024",Kichton Contracting Ltd.,Lloydminster (SK),Salary not available,9314063027,https://ca.indeed.com/viewjob?jk=2e09a7b9ca84c046&sid=cajb&kw=cajb,"{'Language Requirement': 'Not specified', 'Experience Requirement': 'Not specified', 'Benefits': []}","Lloydminster , SK",Not available,Full time,Starts as soon as possible,1 vacancy,indeed.com #9314063027,Not specified
52,construction worker,"June 10, 2024",2024-07-11,"June 10, 2024",SIIT,Punnichy (SK),Salary not available,290724,https://job-openings.monster.ca/instructor-construction-worker-prep-punnichy-sk-ca-siit/50d88b65-666b-49a8-a3a3-b3ab091ebeed?mescoid=4700799001001,"{'Language Requirement': 'Not specified', 'Experience Requirement': 'Not specified', 'Benefits': []}","Punnichy , SK",Not available,Not specified,Starts as soon as possible,1 vacancy,Monster #290724,Not specified
53,"labourer, construction","June 11, 2024",2024-06-21,"June 11, 2024",Saskatoon Deck Shop,Saskatoon (SK),Salary:$18.00 - $22.00 depending on experience,1358495,http://www.saskjobs.ca/jsp/joborder/detail.jsp?job_order_id=1358495,"{'Language Requirement': 'Not specified', 'Experience Requirement': 'Not specified', 'Benefits': []}","Saskatoon , SK",$ 18.00 to $ 22.00 HOUR hourly,Not specified,Starts as soon as possible,Not specified,SaskJobs #1358495,Not specified
54,construction labourer,"June 06, 2024",2024-07-07,"June 06, 2024",American Iron and Metal,Lévis (QC),Salary not available,1d054888-59df-446c-86ae-d887a9f54043,https://job-openings.monster.ca/labourer-lévis-qc-ca-american-iron-metal/cdd0df03-0716-4dba-8550-0faccc92ba0c?mescoid=4700799001001,"{'Language Requirement': 'Not specified', 'Experience Requirement': 'Not specified', 'Benefits': []}","Lévis , QC",Not available,Not specified,Starts as soon as possible,1 vacancy,Monster #1d054888-59df-446c-86ae-d887a9f54043,Not specified
55,general construction labourer,"June 12, 2024",2024-07-13,"June 12, 2024",Shambhala Music Festival,Salmo (BC),Salary not available,4599796,https://job-openings.monster.ca/general-labourers-salmo-bc-ca-shambhala-music-festival/3baee209-efdb-4f1d-a7ab-6b82a268fc30?mescoid=4700799001001,"{'Language Requirement': 'Not specified', 'Experience Requirement': 'Not specified', 'Benefits': []}","Salmo , BC",Not available,Permanent employment Full time,Starts as soon as possible,1 vacancy,Monster #4599796,Not specified
56,construction helper,"June 06, 2024",2024-07-07,"June 06, 2024",Fraser Valley Refrigeration,Vancouver (BC),Salary not available,809151,https://job-openings.monster.ca/construction-helper-labourer-panel-installer-vancouver-bc-ca-fraser-valley-refrigeration/9153593b-c1f1-4541-9580-2cac37f4ac97?mescoid=4700827001001,"{'Language Requirement': 'Not specified', 'Experience Requirement': 'Not specified', 'Benefits': []}","Vancouver , BC",Not available,Not specified,Starts as soon as possible,1 vacancy,Monster #809151,Not specified
57,construction labourer,"June 04, 2024",Not specified,"June 04, 2024",Rock Iron Contracting,Calgary (AB),Salary:$24.00 to $26.00 hourly,9309015142,https://ca.indeed.com/viewjob?jk=56c2cc9524b2ac5b&sid=cajb&kw=cajb,"{'Language Requirement': 'Not specified', 'Experience Requirement': 'Not specified', 'Benefits': []}","Calgary , AB",$ 24.00 to $ 26.00 HOUR hourly,Permanent employment Full time,Starts as soon as possible,1 vacancy,indeed.com #9309015142,Not specified
58,"labourer, pipeline","May 31, 2024",Not specified,"May 31, 2024",Aecon Construction Solutions Inc.,Delta (BC),Salary:$21.91 to $30.89 hourly,9302602298,https://ca.indeed.com/viewjob?jk=a31eb47267a8c153&sid=cajb&kw=cajb,"{'Language Requirement': 'Not specified', 'Experience Requirement': 'Not specified', 'Benefits': []}","Delta , BC",$ 21.91 to $ 30.89 HOUR hourly,Full time,Starts as soon as possible,1 vacancy,indeed.com #9302602298,Not specified
59,construction labourer,"May 31, 2024",2024-07-01,"May 31, 2024",Arrow Transportation Systems Inc.,Kamloops (BC),Salary not available,dc068dcd0de84602846103a6a3a99de3,https://job-openings.monster.ca/construction-labourer-arrow-projects-services-kamloops-bc-ca-arrow-transportation-systems-inc/1f27f9cf-ebfe-47de-9d53-96abbba6e8de?mescoid=4700799001001,"{'Language Requirement': 'Not specified', 'Experience Requirement': 'Not specified', 'Benefits': []}","Kamloops , BC",Not available,Not specified,Starts as soon as possible,1 vacancy,Monster #dc068dcd0de84602846103a6a3a99de3,Not specified
60,construction worker,"June 08, 2024",2024-07-08,"June 08, 2024",Unlimited Building,Vaughan (ON),Salary not available,a0d94caa-1717763282,https://job-openings.monster.ca/skilled-residential-construction-worker-vaughan-on-ca-unlimited-building/44a440fb-b671-4124-87e0-6c65eeab889f?mescoid=4700799001001,"{'Language Requirement': 'Not specified', 'Experience Requirement': 'Not specified', 'Benefits': []}","Vaughan , ON",Not available,Not specified,Starts as soon as possible,1 vacancy,Monster #a0d94caa-1717763282,Not specified
61,general construction labourer,"June 09, 2024",2024-07-09,"June 09, 2024",Walker Industries,Woodbridge (ON),Salary not available,1116_171788095826388,https://job-openings.monster.ca/general-labour-woodbridge-on-ca-walker-industries/452c2368-4200-43e8-9403-dd317207c7f3?mescoid=4700799001001,"{'Language Requirement': 'Not specified', 'Experience Requirement': 'Not specified', 'Benefits': []}","Woodbridge , ON",Not available,Not specified,Starts as soon as possible,1 vacancy,Monster #1116_171788095826388,Not specified
62,highway maintenance worker,"June 13, 2024",2024-07-12,"June 13, 2024",Construction demathieu & bard (CDB) inc.,Peterborough (ON),Salary:$16.55 hourly,13802904,https://www.jobillico.com/en/job-offer/-construction-demathieu-bard-cdb-inc-/student-summer-job-warehouse-and-yard-maintenance-worker-/13802904?ji_visitsrc=136,"{'Language Requirement': 'Not specified', 'Experience Requirement': 'Not specified', 'Benefits': []}","Peterborough , ON",$ 16.55 HOUR hourly,Seasonal employment Full time,Starts as soon as possible,1 vacancy,Jobillico #13802904,Not specified
63,general construction labourer,"June 06, 2024",2024-07-07,"June 06, 2024",American Iron and Metal,Timmins (ON),Salary not available,928a4b21-84b8-431a-8e66-c309d247b340,https://job-openings.monster.ca/general-labourer-timmins-on-ca-american-iron-metal/eb5d2a14-679c-4910-8825-bc04cea198de?mescoid=4700799001001,"{'Language Requirement': 'Not specified', 'Experience Requirement': 'Not specified', 'Benefits': []}","Timmins , ON",Not available,Not specified,Starts as soon as possible,1 vacancy,Monster #928a4b21-84b8-431a-8e66-c309d247b340,Not specified
64,construction worker,"June 12, 2024",2024-07-13,"June 12, 2024",IIQAF,Cornwall (ON),Salary not available,175197,https://job-openings.monster.ca/construction-worker-ontario-on-ca-iiqaf/41e9dcf3-6ba4-4484-a74a-11f6ea33185d?mescoid=4700799001001,"{'Language Requirement': 'Not specified', 'Experience Requirement': 'Not specified', 'Benefits': []}","Cornwall , ON",Not available,Not specified,Starts as soon as possible,1 vacancy,Monster #175197,Not specified
65,construction labourer,"May 29, 2024",Not specified,"May 29, 2024",Marksmen Drywall Inc.,Elginburg (ON),Salary:$18.00 to $24.00 hourly,9299251265,https://ca.indeed.com/viewjob?jk=680d6c6e6b48a867&sid=cajb&kw=cajb,"{'Language Requirement': 'Not specified', 'Experience Requirement': 'Not specified', 'Benefits': []}","Elginburg , ON",$ 18.00 to $ 24.00 HOUR hourly,Full time,Starts as soon as possible,1 vacancy,indeed.com #9299251265,Not specified
66,construction labourer,"May 28, 2024",Not specified,"May 28, 2024",Pentagon Group,Ottawa (ON),Salary:$22.00 to $25.00 hourly,9297451423,https://ca.indeed.com/viewjob?jk=c00721a7a74302bd&sid=cajb&kw=cajb,"{'Language Requirement': 'Not specified', 'Experience Requirement': 'Not specified', 'Benefits': []}","Ottawa , ON",$ 22.00 to $ 25.00 HOUR hourly,Permanent employment Full time,Starts as soon as possible,1 vacancy,indeed.com #9297451423,Not specified
67,"labourer, construction","June 05, 2024",2024-06-26,"June 05, 2024",Saskatchewan Research Council,Saskatoon (SK),Salary not available,1357500,http://www.saskjobs.ca/jsp/joborder/detail.jsp?job_order_id=1357500,"{'Language Requirement': 'Not specified', 'Experience Requirement': 'Not specified', 'Benefits': []}","Saskatoon , SK",Not available,Not specified,Starts as soon as possible,Not specified,SaskJobs #1357500,Not specified
68,"labourer, construction","May 31, 2024",2024-06-14,"May 31, 2024",H. Dmyterko Construction Co. Ltd.,Regina (SK),Salary not available,1355850,http://www.saskjobs.ca/jsp/joborder/detail.jsp?job_order_id=1355850,"{'Language Requirement': 'Not specified', 'Experience Requirement': 'Not specified', 'Benefits': []}","Regina , SK",Not available,Not specified,Starts as soon as possible,Not specified,SaskJobs #1355850,Not specified
69,general construction labourer,"June 07, 2024",Not specified,"June 07, 2024",Fraser Valley Seismic,Burnaby (BC),Salary:$20.00 hourly,9313904665,https://ca.indeed.com/viewjob?jk=280f95fe6ca9d219&sid=cajb&kw=cajb,"{'Language Requirement': 'Not specified', 'Experience Requirement': 'Not specified', 'Benefits': []}","Burnaby , BC",$ 20.00 HOUR hourly,Permanent employment Full time,Starts as soon as possible,1 vacancy,indeed.com #9313904665,Not specified
70,general construction labourer,"June 07, 2024",Not specified,"June 07, 2024",Fraser Valley Seismic,Vancouver (BC),Salary:$20.00 hourly,9313903474,https://ca.indeed.com/viewjob?jk=ce84eac3c2425a28&sid=cajb&kw=cajb,"{'Language Requirement': 'Not specified', 'Experience Requirement': 'Not specified', 'Benefits': []}","Vancouver , BC",$ 20.00 HOUR hourly,Permanent employment Full time,Starts as soon as possible,1 vacancy,indeed.com #9313903474,Not specified
71,general construction labourer,"June 07, 2024",Not specified,"June 07, 2024",Fraser Valley Seismic,Coquitlam (BC),Salary:$20.00 hourly,9313905525,https://ca.indeed.com/viewjob?jk=de7459a3496079ea&sid=cajb&kw=cajb,"{'Language Requirement': 'Not specified', 'Experience Requirement': 'Not specified', 'Benefits': []}","Coquitlam , BC",$ 20.00 HOUR hourly,Permanent employment Full time,Starts as soon as possible,1 vacancy,indeed.com #9313905525,Not specified
72,general construction labourer,"June 07, 2024",Not specified,"June 07, 2024",Fraser Valley Seismic,Coquitlam (BC),Salary:$20.00 hourly,9313905525,https://ca.indeed.com/viewjob?jk=de7459a3496079ea&sid=cajb&kw=cajb,"{'Language Requirement': 'Not specified', 'Experience Requirement': 'Not specified', 'Benefits': []}","Coquitlam , BC",$ 20.00 HOUR hourly,Permanent employment Full time,Starts as soon as possible,1 vacancy,indeed.com #9313905525,Not specified
73,construction labourer,"June 05, 2024",Not specified,"June 05, 2024",Horst Systems Ltd.,Winchester (ON),Salary not available,9310198708,https://ca.indeed.com/viewjob?jk=bd1dc50dc0475fb6&sid=cajb&kw=cajb,"{'Language Requirement': 'Not specified', 'Experience Requirement': 'Not specified', 'Benefits': []}","Winchester , ON",Not available,Permanent employment Full time,Starts as soon as possible,1 vacancy,indeed.com #9310198708,Not specified
74,construction labourer,"June 05, 2024",Not specified,"June 05, 2024",Horst Systems Ltd.,Winchester (ON),Salary not available,9310198708,https://ca.indeed.com/viewjob?jk=bd1dc50dc0475fb6&sid=cajb&kw=cajb,"{'Language Requirement': 'Not specified', 'Experience Requirement': 'Not specified', 'Benefits': []}","Winchester , ON",Not available,Permanent employment Full time,Starts as soon as possible,1 vacancy,indeed.com #9310198708,Not specified
75,construction worker,"June 06, 2024",2024-07-07,"June 06, 2024",Onboard Immigration Services,Location,Salary not available,665427000006769009,https://job-openings.monster.ca/construction-worker-richmond-sea-island-yvr-bc-ca-onboard-immigration-services/71ce6dda-5ad9-4125-a2c8-24c4454f6a7a?mescoid=4700799001001,"{'Language Requirement': 'Not specified', 'Experience Requirement': 'Not specified', 'Benefits': []}",Richmond (Sea Island / YVR),Not available,Not specified,Starts as soon as possible,1 vacancy,Monster #665427000006769009,Not specified
76,construction labourer,"May 29, 2024",2024-06-29,"May 29, 2024",SEYMOUR PACIFIC DEVELOPMENTS LTD.,Lethbridge (AB),Salary not available,DOh7cabgKm,https://job-openings.monster.ca/construction-labourer-lethbridge-ab-ca-seymour-pacific-developments-ltd/3f6d0354-3827-4dbd-a7bd-3fbeec4d00a4?mescoid=4700799001001,"{'Language Requirement': 'Not specified', 'Experience Requirement': 'Not specified', 'Benefits': []}","Lethbridge , AB",Not available,Not specified,Starts as soon as possible,1 vacancy,Monster #DOh7cabgKm,Not specified
77,construction labourer and helper,"May 24, 2024",2024-06-30,"May 24, 2024",Entech Plus Ltd,Saskatoon (SK),Salary:$22.50,1353647,http://www.saskjobs.ca/jsp/joborder/detail.jsp?job_order_id=1353647,"{'Language Requirement': 'Not specified', 'Experience Requirement': 'Not specified', 'Benefits': []}","Saskatoon , SK",$ 22.50 HOUR hourly,Not specified,Starts as soon as possible,Not specified,SaskJobs #1353647,Not specified
78,construction worker,"June 05, 2024",2024-07-05,"June 05, 2024",Prairie Consolidated Construction Inc.,Regina (SK),Salary not available,1357475,http://www.saskjobs.ca/jsp/joborder/detail.jsp?job_order_id=1357475,"{'Language Requirement': 'Not specified', 'Experience Requirement': 'Not specified', 'Benefits': []}","Regina , SK",Not available,Not specified,Starts as soon as possible,Not specified,SaskJobs #1357475,Not specified
79,construction worker,"June 05, 2024",2024-07-05,"June 05, 2024",Prairie Consolidated Construction Inc.,Regina (SK),Salary not available,1357475,http://www.saskjobs.ca/jsp/joborder/detail.jsp?job_order_id=1357475,"{'Language Requirement': 'Not specified', 'Experience Requirement': 'Not specified', 'Benefits': []}","Regina , SK",Not available,Not specified,Starts as soon as possible,Not specified,SaskJobs #1357475,Not specified
