,Job Title,Original Title,Posted Date,Advertised Until,Job Source,Job Description,Job Date,Company Name,Location,Salary,Job Number,Job Applying Link,Additional Details,Location,Salary,Terms of Employment,Start Date,Vacancies,Source,Other
0,office administrator,,"June 07, 2024",2024-07-08,,,"June 07, 2024",LOFT Community Services,Toronto (ON),Salary not available,rpRkatPrpd,https://job-openings.monster.ca/office-administrator-toronto-on-ca-loft-community-services/fe749e0e-fc71-40d2-bd53-d09012981e9f?mescoid=4300749001001,"{'Language Requirement': 'Not specified', 'Experience Requirement': 'Not specified', 'Benefits': []}","Toronto , ON",Not available,Not specified,Starts as soon as possible,1 vacancy,Monster #rpRkatPrpd,Not specified
1,office administrator,,"May 28, 2024",Not specified,,,"May 28, 2024",Cypress Funeral & Cremation Services,Location,Salary: $21.00 to $24.00 hourly,9298175409,https://ca.indeed.com/viewjob?jk=69e6ffe778e6db19&sid=cajb&kw=cajb,"{'Language Requirement': 'Not specified', 'Experience Requirement': 'Not specified', 'Benefits': []}",Lake Country,$ 21.00 to $ 24.00 HOUR hourly,Casual employment,Starts as soon as possible,1 vacancy,indeed.com #9298175409,Not specified
2,office administrator,,"June 07, 2024",Not specified,,,"June 07, 2024",Yukon Ombudsman/IPC/PIDC,Whitehorse (YT),"Salary: $66,518.00 to $79,255.00 annually",9314294459,https://ca.indeed.com/viewjob?jk=5f7ea3e649601b93&sid=cajb&kw=cajb,"{'Language Requirement': 'Not specified', 'Experience Requirement': 'Not specified', 'Benefits': []}","Whitehorse , YT","$ 66,518 to $ 79,255 YEAR annually",Permanent employment Full time,Starts as soon as possible,1 vacancy,indeed.com #9314294459,Not specified
3,office administrator,,"May 28, 2024",Not specified,,,"May 28, 2024",Safeline Group of Companies,Concord (ON),"Salary: $45,000.00 annually",9297535795,https://ca.indeed.com/viewjob?jk=879fd41f445633c7&sid=cajb&kw=cajb,"{'Language Requirement': 'Not specified', 'Experience Requirement': 'Not specified', 'Benefits': []}","Concord , ON","$ 45,000 YEAR annually",Permanent employment Full time,Starts as soon as possible,1 vacancy,indeed.com #9297535795,Not specified
4,office administrator,,"June 10, 2024",Not specified,,,"June 10, 2024",Lucier Glove and Safety,Windsor (ON),Salary: $19.00 to $20.00 hourly,9316644192,https://ca.indeed.com/viewjob?jk=ce2765b386967501&sid=cajb&kw=cajb,"{'Language Requirement': 'Not specified', 'Experience Requirement': 'Not specified', 'Benefits': []}","Windsor , ON",$ 19.00 to $ 20.00 HOUR hourly,Permanent employment Full time,Starts as soon as possible,1 vacancy,indeed.com #9316644192,Not specified
5,office administrator,,"May 29, 2024",Not specified,,,"May 29, 2024",Big Chief Industrial,Invermere (BC),Salary: $16.75 to $24.00 hourly,9299196523,https://ca.indeed.com/viewjob?jk=0c4784dd7591358b&sid=cajb&kw=cajb,"{'Language Requirement': 'Not specified', 'Experience Requirement': 'Not specified', 'Benefits': []}","Invermere , BC",$ 16.75 to $ 24.00 HOUR hourly,Full time,Starts as soon as possible,1 vacancy,indeed.com #9299196523,Not specified
6,office administrator,,"June 05, 2024",2024-07-06,,,"June 05, 2024",Brandt,Saskatoon (SK),Salary not available,9257,https://job-openings.monster.ca/office-administrator-saskatoon-sk-ca-brandt/780c0d98-81ae-440d-8ff4-7d8c4f81e827?mescoid=4300749001001,"{'Language Requirement': 'Not specified', 'Experience Requirement': 'Not specified', 'Benefits': []}","Saskatoon , SK",Not available,Not specified,Starts as soon as possible,1 vacancy,Monster #9257,Not specified
7,office administrator,,"June 12, 2024",Not specified,,,"June 12, 2024",BRYDGES PROPERTY MANAGEMENT,Winnipeg (MB),Salary: $19.84 to $28.51 hourly,9320109655,https://ca.indeed.com/viewjob?jk=b08bf897e0a0c491&sid=cajb&kw=cajb,"{'Language Requirement': 'Not specified', 'Experience Requirement': 'Not specified', 'Benefits': []}","Winnipeg , MB",$ 19.84 to $ 28.51 HOUR hourly,Full time,Starts as soon as possible,1 vacancy,indeed.com #9320109655,Not specified
8,office administrator,,"May 24, 2024",Not specified,,,"May 24, 2024","HOMELIFE FRONTIER REALTY INC., BROKERAGE",Richmond Hill (ON),Salary: $16.55 hourly,9293413339,https://ca.indeed.com/viewjob?jk=a2b43efab995ab72&sid=cajb&kw=cajb,"{'Language Requirement': 'Not specified', 'Experience Requirement': 'Not specified', 'Benefits': []}","Richmond Hill , ON",$ 16.55 HOUR hourly,Part time,Starts as soon as possible,1 vacancy,indeed.com #9293413339,Not specified
9,office administrator,,"June 04, 2024",Not specified,,,"June 04, 2024",Vacuum Specialists,Calgary (AB),Salary: $16.00 to $20.00 hourly,9309458872,https://ca.indeed.com/viewjob?jk=8e4eb1cbcef768ee&sid=cajb&kw=cajb,"{'Language Requirement': 'Not specified', 'Experience Requirement': 'Not specified', 'Benefits': []}","Calgary , AB",$ 16.00 to $ 20.00 HOUR hourly,Permanent employment Full time,Starts as soon as possible,1 vacancy,indeed.com #9309458872,Not specified
10,office administrator,,"June 05, 2024",Not specified,,,"June 05, 2024",Nikki Health,Woodbridge (ON),Salary: $19.00 hourly,9310243164,https://ca.indeed.com/viewjob?jk=75366140f72690fb&sid=cajb&kw=cajb,"{'Language Requirement': 'Not specified', 'Experience Requirement': 'Not specified', 'Benefits': []}","Woodbridge , ON",$ 19.00 HOUR hourly,Not specified,Starts as soon as possible,1 vacancy,indeed.com #9310243164,Not specified
11,office administrator,,"June 07, 2024",Not specified,,,"June 07, 2024",Fourth Line Animal Hospital,Oakville (ON),Salary: $18.54 to $21.65 hourly,9313963866,https://ca.indeed.com/viewjob?jk=734946444735267f&sid=cajb&kw=cajb,"{'Language Requirement': 'Not specified', 'Experience Requirement': 'Not specified', 'Benefits': []}","Oakville , ON",$ 18.54 to $ 21.65 HOUR hourly,Full time,Starts as soon as possible,1 vacancy,indeed.com #9313963866,Not specified
12,office administrator,,"June 06, 2024",Not specified,,,"June 06, 2024",iStaff Services,Toronto (ON),Salary not available,9312513401,https://ca.indeed.com/viewjob?jk=e834632e5d71997c&sid=cajb&kw=cajb,"{'Language Requirement': 'Not specified', 'Experience Requirement': 'Not specified', 'Benefits': []}","Toronto , ON",Not available,Full time,Starts as soon as possible,1 vacancy,indeed.com #9312513401,Not specified
13,office administrator,,"May 22, 2024",Not specified,,,"May 22, 2024",BDSL,Springwater Lakes (ON),Salary: $18.00 to $18.25 hourly,9289811669,https://ca.indeed.com/viewjob?jk=1c6b3b719e29e15c&sid=cajb&kw=cajb,"{'Language Requirement': 'Not specified', 'Experience Requirement': 'Not specified', 'Benefits': []}","Springwater Lakes , ON",$ 18.00 to $ 18.25 HOUR hourly,Full time,Starts as soon as possible,1 vacancy,indeed.com #9289811669,Not specified
14,office administrator,,"May 22, 2024",Not specified,,,"May 22, 2024",Thompson Rivers Physiotherapy,Kamloops (BC),Salary: $17.50 hourly,9290108544,https://ca.indeed.com/viewjob?jk=d871c5412982047a&sid=cajb&kw=cajb,"{'Language Requirement': 'Not specified', 'Experience Requirement': 'Not specified', 'Benefits': []}","Kamloops , BC",$ 17.50 HOUR hourly,Part time,Starts as soon as possible,1 vacancy,indeed.com #9290108544,Not specified
15,office administrator,,"June 11, 2024",Not specified,,,"June 11, 2024",White Rock Mechanical Services,Kentville (NS),Salary: $18.00 hourly,9318344674,https://ca.indeed.com/viewjob?jk=95ef79176bd09ac7&sid=cajb&kw=cajb,"{'Language Requirement': 'Not specified', 'Experience Requirement': 'Not specified', 'Benefits': []}","Kentville , NS",$ 18.00 HOUR hourly,Full time,Starts as soon as possible,1 vacancy,indeed.com #9318344674,Not specified
16,office administrator,,"May 31, 2024",Not specified,,,"May 31, 2024",Coastal Mountain Fuels,Langley (BC),Salary: $20.00 to $22.00 hourly,9302770490,https://ca.indeed.com/viewjob?jk=cd28fa54c1bd5674&sid=cajb&kw=cajb,"{'Language Requirement': 'Not specified', 'Experience Requirement': 'Not specified', 'Benefits': []}","Langley , BC",$ 20.00 to $ 22.00 HOUR hourly,Permanent employment Full time,Starts as soon as possible,1 vacancy,indeed.com #9302770490,Not specified
17,office administrator,,"April 05, 2024",2024-06-26,Job Bank,This job posting is advertised by a recruitment agency on behalf of the employer.,"April 05, 2024",Hire Hub Placement Agency,Edmonton (AB),Salary: $30.00 hourly,2868303,,"{'Language Requirement': 'English', 'Experience Requirement': '1 to less than 7 months', 'Benefits': []}","Edmonton , AB",$ 30.00 HOUR hourly / 30 hours per week,Permanent employment Full time,Starts as soon as possible,1 vacancy,Job Bank #2868303,Permanent placement opportunity
18,office administrator,,"May 15, 2024",Not specified,,,"May 15, 2024",DCA Printing Inc,Grande Prairie (AB),Salary: $18.00 hourly,9280820484,https://ca.indeed.com/viewjob?jk=a2ea8582da79c417&sid=cajb&kw=cajb,"{'Language Requirement': 'Not specified', 'Experience Requirement': 'Not specified', 'Benefits': []}","Grande Prairie , AB",$ 18.00 HOUR hourly,Permanent employment Full time,Starts as soon as possible,1 vacancy,indeed.com #9280820484,Not specified
19,office administrator,,"June 03, 2024",Not specified,,,"June 03, 2024",Trehan Consulting Group Inc.,Vancouver (BC),Salary: $22.00 to $25.00 hourly,9307345396,https://ca.indeed.com/viewjob?jk=dfb0ddcb8824fc47&sid=cajb&kw=cajb,"{'Language Requirement': 'Not specified', 'Experience Requirement': 'Not specified', 'Benefits': []}","Vancouver , BC",$ 22.00 to $ 25.00 HOUR hourly,Full time,Starts as soon as possible,1 vacancy,indeed.com #9307345396,Not specified
20,office administrator,,"June 06, 2024",2024-06-17,,,"June 06, 2024",LEL PROFESSIONAL COUNSELLING ASSOCIATES INC.,Saskatoon (SK),Salary: Varies with experience,1357740,http://www.saskjobs.ca/jsp/joborder/detail.jsp?job_order_id=1357740,"{'Language Requirement': 'Not specified', 'Experience Requirement': 'Not specified', 'Benefits': []}","Saskatoon , SK",Varies with experience,Not specified,Starts as soon as possible,Not specified,SaskJobs #1357740,Not specified
21,office administrator,,"May 22, 2024",Not specified,,,"May 22, 2024",13578hup,Chatham-Kent (ON),Salary: $27.25 to $28.00 hourly,9290418803,https://ca.indeed.com/viewjob?jk=8c001f63f48f0e30&sid=cajb&kw=cajb,"{'Language Requirement': 'Not specified', 'Experience Requirement': 'Not specified', 'Benefits': []}","Chatham-Kent , ON",$ 27.25 to $ 28.00 HOUR hourly,Full time,Starts as soon as possible,1 vacancy,indeed.com #9290418803,Not specified
22,office administrator,,"June 06, 2024",Not specified,,,"June 06, 2024",Alltron Systems,Edmonton (AB),Salary not available,9312381184,https://ca.indeed.com/viewjob?jk=65dfad1e0f1ca2ed&sid=cajb&kw=cajb,"{'Language Requirement': 'Not specified', 'Experience Requirement': 'Not specified', 'Benefits': []}","Edmonton , AB",Not available,Full time,Starts as soon as possible,1 vacancy,indeed.com #9312381184,Not specified
23,office administrator,,"June 10, 2024",2024-07-09,,,"June 10, 2024",FitFix inc,Calgary (AB),Salary: $24.77 hourly,b067babc,https://www.ziprecruiter.com/k/t/AALJyhp6RCjuaKkL0fFl0ee_bgfjvkmxTLXiBcbohivB42ilh3nNgN5VPoJkHk7YI4XTtCMNYtCXBpJ9Z8JdexHzMJjhPYfa-NUvni95ChmW9hd-mvI5RhyMdZJYlpqlV0274XRk7itm8Ivd0BoiNoy2YY1GBFsMY7jJX-hrqneHyP9TaWbaNJEH-NOZIM6fDL0MwSQhieUEvnZBjOWi8yEacW1xr2Z_Pn-HjNw-mElsrq3VEmbVtOQuU-_Ptyun3ZmYLr2y6IuNX2n5uLJifxChNsG0HmYX0qqsG2zV,"{'Language Requirement': 'Not specified', 'Experience Requirement': 'Not specified', 'Benefits': []}","Calgary , AB",$ 24.77 HOUR hourly,Not specified,Starts as soon as possible,1 vacancy,ZipRecruiter #b067babc,Not specified
24,office administrator,,"May 15, 2024",Not specified,,,"May 15, 2024",The Better Bin Company,London (ON),Salary: $22.00 to $27.00 hourly,9280460985,https://ca.indeed.com/viewjob?jk=2fa37e08b85d94a0&sid=cajb&kw=cajb,"{'Language Requirement': 'Not specified', 'Experience Requirement': 'Not specified', 'Benefits': []}","London , ON",$ 22.00 to $ 27.00 HOUR hourly,Full time,Starts as soon as possible,1 vacancy,indeed.com #9280460985,Not specified
25,office administrator,,"May 30, 2024",Not specified,,,"May 30, 2024",Monette Farms Ltd.,Cache Creek (BC),Salary: $25.00 to $27.00 hourly,9301108152,https://ca.indeed.com/viewjob?jk=6efd320b34fca3df&sid=cajb&kw=cajb,"{'Language Requirement': 'Not specified', 'Experience Requirement': 'Not specified', 'Benefits': []}","Cache Creek , BC",$ 25.00 to $ 27.00 HOUR hourly,Not specified,Starts as soon as possible,1 vacancy,indeed.com #9301108152,Not specified
26,office administrator,,"May 30, 2024",Not specified,,,"May 30, 2024",Simply Heating & Air Conditioning,Ottawa (ON),Salary: $20.00 hourly,9300736306,https://ca.indeed.com/viewjob?jk=fd95ddacd892ee14&sid=cajb&kw=cajb,"{'Language Requirement': 'Not specified', 'Experience Requirement': 'Not specified', 'Benefits': []}","Ottawa , ON",$ 20.00 HOUR hourly,Full time,Starts as soon as possible,1 vacancy,indeed.com #9300736306,Not specified
27,office administrator,,"June 10, 2024",Not specified,,,"June 10, 2024",Dunnington Holdings Ltd.,Swift Current (SK),Salary not available,9316895685,https://ca.indeed.com/viewjob?jk=009281429b1ac4ab&sid=cajb&kw=cajb,"{'Language Requirement': 'Not specified', 'Experience Requirement': 'Not specified', 'Benefits': []}","Swift Current , SK",Not available,Permanent employment Full time,Starts as soon as possible,1 vacancy,indeed.com #9316895685,Not specified
28,office administrator,,"June 07, 2024",2024-07-08,,,"June 07, 2024",TEEMA Group,Edmonton (AB),Salary not available,RADUZP7W,https://job-openings.monster.ca/office-administrator-edmonton-ab-ca-teema-group/2ac27f36-e064-4f8d-b807-690932807e39?mescoid=4300749001001,"{'Language Requirement': 'Not specified', 'Experience Requirement': 'Not specified', 'Benefits': []}","Edmonton , AB",Not available,Not specified,Starts as soon as possible,1 vacancy,Monster #RADUZP7W,Not specified
29,office administrator,,"May 22, 2024",Not specified,,,"May 22, 2024",Gateway Dental Clinic,Prince Rupert (BC),Salary: $20.00 to $28.00 hourly,9290216308,https://ca.indeed.com/viewjob?jk=6792326fb164e1ed&sid=cajb&kw=cajb,"{'Language Requirement': 'Not specified', 'Experience Requirement': 'Not specified', 'Benefits': []}","Prince Rupert , BC",$ 20.00 to $ 28.00 HOUR hourly,Permanent employment Full time,Starts as soon as possible,1 vacancy,indeed.com #9290216308,Not specified
30,office administrator,,"June 05, 2024",Not specified,,,"June 05, 2024",Summit Tools,Kelowna (BC),Salary: $21.00 to $24.00 hourly,9310436192,https://ca.indeed.com/viewjob?jk=ac64327160fd2444&sid=cajb&kw=cajb,"{'Language Requirement': 'Not specified', 'Experience Requirement': 'Not specified', 'Benefits': []}","Kelowna , BC",$ 21.00 to $ 24.00 HOUR hourly,Permanent employment Part time,Starts as soon as possible,1 vacancy,indeed.com #9310436192,Not specified
31,office administrator,,"June 05, 2024",Not specified,,,"June 05, 2024",Summit Tools,Kelowna (BC),Salary: $21.00 to $24.00 hourly,9310436192,https://ca.indeed.com/viewjob?jk=ac64327160fd2444&sid=cajb&kw=cajb,"{'Language Requirement': 'Not specified', 'Experience Requirement': 'Not specified', 'Benefits': []}","Kelowna , BC",$ 21.00 to $ 24.00 HOUR hourly,Permanent employment Part time,Starts as soon as possible,1 vacancy,indeed.com #9310436192,Not specified
32,office administrator,,"June 05, 2024",2024-07-04,,,"June 05, 2024",Fresh Green Farms Corp.,Pitt Meadows (BC),Salary not available,b6eb217b21,https://www.ziprecruiter.com/k/t/AAKlxGNSeaZp7UVAhlraXWXlQcABUWHaUAURRHnM0dgbAXb0LuFsScXfCS5qX1VF7Sf5ve3T1AD7lgisaTnvxOu2S0iTTK2C4S6Aubi0fEDt2oY6qrs82rEFABeDxwTm261459HB3yOfYdrfm0yWEOGCiLQdn_ixWjNwaEz42VSMoDxgEsxANmiHKY7xYKazh4Ut-M1yLEZK0ywEJo4hX3rTSuDfrMvdchAWjPbKwTo8vmHuI350f5ifXf21sd_FucbCbvTtr2OpROchtEOsbnhEoiy8Z4Z5TVc0Wh5YzAsoJEVk2x1_X2AOiTOr,"{'Language Requirement': 'Not specified', 'Experience Requirement': 'Not specified', 'Benefits': []}","Pitt Meadows , BC",Not available,Permanent employment Full time,Starts as soon as possible,1 vacancy,ZipRecruiter #b6eb217b21,Not specified
33,office administrator,,"May 31, 2024",Not specified,,,"May 31, 2024",NAPIER-REID LIMITED,Aurora (ON),"Salary: $50,000.00 to $65,000.00 annually",9302418116,https://ca.indeed.com/viewjob?jk=d857c69e1db350e3&sid=cajb&kw=cajb,"{'Language Requirement': 'Not specified', 'Experience Requirement': 'Not specified', 'Benefits': []}","Aurora , ON","$ 50,000 to $ 65,000 YEAR annually",Permanent employment Full time,Starts as soon as possible,1 vacancy,indeed.com #9302418116,Not specified
34,office administrator,,"May 31, 2024",Not specified,,,"May 31, 2024",NAPIER-REID LIMITED,Aurora (ON),"Salary: $50,000.00 to $65,000.00 annually",9302418116,https://ca.indeed.com/viewjob?jk=d857c69e1db350e3&sid=cajb&kw=cajb,"{'Language Requirement': 'Not specified', 'Experience Requirement': 'Not specified', 'Benefits': []}","Aurora , ON","$ 50,000 to $ 65,000 YEAR annually",Permanent employment Full time,Starts as soon as possible,1 vacancy,indeed.com #9302418116,Not specified
35,office administrator,,"May 21, 2024",Not specified,,,"May 21, 2024",Legacee Builders,Regina (SK),Salary: $20.00 to $25.00 hourly,9288561944,https://ca.indeed.com/viewjob?jk=d50a0db2a1c89a26&sid=cajb&kw=cajb,"{'Language Requirement': 'Not specified', 'Experience Requirement': 'Not specified', 'Benefits': []}","Regina , SK",$ 20.00 to $ 25.00 HOUR hourly,Permanent employment Full time,Starts as soon as possible,1 vacancy,indeed.com #9288561944,Not specified
36,office administrator,,"May 17, 2024",Not specified,,,"May 17, 2024",Parsons Investments Limited,Kingston (NS),Salary not available,9283680206,https://ca.indeed.com/viewjob?jk=6a33ef8053c4fb2c&sid=cajb&kw=cajb,"{'Language Requirement': 'Not specified', 'Experience Requirement': 'Not specified', 'Benefits': []}","Kingston , NS",Not available,Full time,Starts as soon as possible,1 vacancy,indeed.com #9283680206,Not specified
37,office administrator,Title posted on Monster -Medical Office Administrator,"June 02, 2024",2024-07-03,,,"June 02, 2024",WS Audiology Americas,Kawartha Lakes (ON),Salary not available,3382617,https://job-openings.monster.ca/medical-office-administrator-kawartha-lakes-on-ca-ws-audiology-americas/78867fc1-3aba-4f99-9c74-df31f324cce6?mescoid=4300692001001,"{'Language Requirement': 'Not specified', 'Experience Requirement': 'Not specified', 'Benefits': []}","Kawartha Lakes , ON",Not available,Not specified,Starts as soon as possible,1 vacancy,Monster #3382617,Not specified
38,office administrator,,"June 05, 2024",Not specified,,,"June 05, 2024",SP Pump & Tanks,Sooke (BC),Salary: $25.00 to $30.00 hourly,9310505420,https://ca.indeed.com/viewjob?jk=f5262b0d88295f40&sid=cajb&kw=cajb,"{'Language Requirement': 'Not specified', 'Experience Requirement': 'Not specified', 'Benefits': []}","Sooke , BC",$ 25.00 to $ 30.00 HOUR hourly,Permanent employment Full time,Starts as soon as possible,1 vacancy,indeed.com #9310505420,Not specified
39,office administrator,Title posted on Monster -Medical Office Administrator,"June 02, 2024",2024-07-03,,,"June 02, 2024",WS Audiology Americas,Kawartha Lakes (ON),Salary not available,3382617,https://job-openings.monster.ca/medical-office-administrator-kawartha-lakes-on-ca-ws-audiology-americas/78867fc1-3aba-4f99-9c74-df31f324cce6?mescoid=4300692001001,"{'Language Requirement': 'Not specified', 'Experience Requirement': 'Not specified', 'Benefits': []}","Kawartha Lakes , ON",Not available,Not specified,Starts as soon as possible,1 vacancy,Monster #3382617,Not specified
40,office administrator,,"June 12, 2024",2024-07-13,,,"June 12, 2024",United West Burlington,Burlington (ON),Salary not available,uYcNQoDWaB,https://job-openings.monster.ca/office-administrator-burlington-on-ca-united-west-burlington/7fc0f99f-9bf7-4c1f-9dfc-2e4613115fbb?mescoid=4300749001001,"{'Language Requirement': 'Not specified', 'Experience Requirement': 'Not specified', 'Benefits': []}","Burlington , ON",Not available,Permanent employment Full time,Starts as soon as possible,1 vacancy,Monster #uYcNQoDWaB,Not specified
41,office administrator,Title posted on CareerBeacon -Administrative Assistant,"June 04, 2024",2024-07-04,,,"June 04, 2024",The Shaw Group Limited,Lantz (NS),Salary not available,2068979,https://www.careerbeacon.com/en/job/2068979/the-shaw-group-limited/administrative-assistant/lantz?utm_campaign=feeds&utm_source=jobbank&utm_medium=Careerbeacon,"{'Language Requirement': 'Not specified', 'Experience Requirement': 'Not specified', 'Benefits': []}","Lantz , NS",Not available,Full time,Starts as soon as possible,1 vacancy,CareerBeacon #2068979,Not specified
42,office administrator,Title posted on CareerBeacon -Administrative Assistant,"June 04, 2024",2024-07-04,,,"June 04, 2024",The Shaw Group Limited,Lantz (NS),Salary not available,2068979,https://www.careerbeacon.com/en/job/2068979/the-shaw-group-limited/administrative-assistant/lantz?utm_campaign=feeds&utm_source=jobbank&utm_medium=Careerbeacon,"{'Language Requirement': 'Not specified', 'Experience Requirement': 'Not specified', 'Benefits': []}","Lantz , NS",Not available,Full time,Starts as soon as possible,1 vacancy,CareerBeacon #2068979,Not specified
43,office administrator,,"June 11, 2024",Not specified,,,"June 11, 2024",Taheri Immigration Services,Thornhill (ON),Salary: $18.00 to $28.00 hourly,9318672982,https://ca.indeed.com/viewjob?jk=b7f8afda69c56d2c&sid=cajb&kw=cajb,"{'Language Requirement': 'Not specified', 'Experience Requirement': 'Not specified', 'Benefits': []}","Thornhill , ON",$ 18.00 to $ 28.00 HOUR hourly,Permanent employment Full time,Starts as soon as possible,1 vacancy,indeed.com #9318672982,Not specified
44,office administrator,,"June 05, 2024",Not specified,,,"June 05, 2024",Andrew Sheret Limited,Victoria (BC),Salary: $19.75 to $24.00 hourly,9310301383,https://ca.indeed.com/viewjob?jk=14d7a149d7a8ba27&sid=cajb&kw=cajb,"{'Language Requirement': 'Not specified', 'Experience Requirement': 'Not specified', 'Benefits': []}","Victoria , BC",$ 19.75 to $ 24.00 HOUR hourly,Permanent employment Full time,Starts as soon as possible,1 vacancy,indeed.com #9310301383,Not specified
45,office administrator,,"May 24, 2024",Not specified,,,"May 24, 2024",DBL Disposal,Nanaimo (BC),Salary: $20.00 to $25.00 hourly,9293531984,https://ca.indeed.com/viewjob?jk=b3f3fc963152c7b8&sid=cajb&kw=cajb,"{'Language Requirement': 'Not specified', 'Experience Requirement': 'Not specified', 'Benefits': []}","Nanaimo , BC",$ 20.00 to $ 25.00 HOUR hourly,Permanent employment Full time,Starts as soon as possible,1 vacancy,indeed.com #9293531984,Not specified
46,office administrator,,"June 05, 2024",Not specified,,,"June 05, 2024",Andrew Sheret Limited,Victoria (BC),Salary: $19.75 to $24.00 hourly,9310301383,https://ca.indeed.com/viewjob?jk=14d7a149d7a8ba27&sid=cajb&kw=cajb,"{'Language Requirement': 'Not specified', 'Experience Requirement': 'Not specified', 'Benefits': []}","Victoria , BC",$ 19.75 to $ 24.00 HOUR hourly,Permanent employment Full time,Starts as soon as possible,1 vacancy,indeed.com #9310301383,Not specified
47,office administrator,,"May 30, 2024",Not specified,,,"May 30, 2024",Zorbie Products Ltd,Abbotsford (BC),Salary: $27.00 to $33.00 hourly,9301407695,https://ca.indeed.com/viewjob?jk=b6712ee680a99c06&sid=cajb&kw=cajb,"{'Language Requirement': 'Not specified', 'Experience Requirement': 'Not specified', 'Benefits': []}","Abbotsford , BC",$ 27.00 to $ 33.00 HOUR hourly,Full time,Starts as soon as possible,1 vacancy,indeed.com #9301407695,Not specified
48,office administrator,Title posted on Monster -Bilingual Office Administration Assistant,"June 12, 2024",2024-07-13,,,"June 12, 2024",Bridges Canada,Scarborough (ON),Salary not available,iviOj4cjtv,https://job-openings.monster.ca/bilingual-office-administration-assistant-scarborough-on-ca-bridges-canada/ed61de99-257b-49e0-aca2-26db0fde0164?mescoid=4300749001001,"{'Language Requirement': 'Not specified', 'Experience Requirement': 'Not specified', 'Benefits': []}","Scarborough , ON",Not available,Not specified,Starts as soon as possible,1 vacancy,Monster #iviOj4cjtv,Not specified
49,office administrator,,"June 12, 2024",Not specified,,,"June 12, 2024",Duty Calls Portables Ltd.,Okotoks (AB),Salary: $18.00 hourly,9320772756,https://ca.indeed.com/viewjob?jk=799da0780ad9869d&sid=cajb&kw=cajb,"{'Language Requirement': 'Not specified', 'Experience Requirement': 'Not specified', 'Benefits': []}","Okotoks , AB",$ 18.00 HOUR hourly,Full time,Starts as soon as possible,1 vacancy,indeed.com #9320772756,Not specified
50,office administrator,,"May 14, 2024",Not specified,,,"May 14, 2024",Lakeview Meadows Community Association,Invermere (BC),Salary: $22.00 hourly,9278937193,https://ca.indeed.com/viewjob?jk=4751742b7b815fc6&sid=cajb&kw=cajb,"{'Language Requirement': 'Not specified', 'Experience Requirement': 'Not specified', 'Benefits': []}","Invermere , BC",$ 22.00 HOUR hourly,Permanent employment Part time,Starts as soon as possible,1 vacancy,indeed.com #9278937193,Not specified
51,office administrator,,"June 03, 2024",Not specified,,,"June 03, 2024",Adams Mobox Storage,Victoria (BC),Salary: $20.00 hourly,9307039234,https://ca.indeed.com/viewjob?jk=a6a3e7896d7f46fe&sid=cajb&kw=cajb,"{'Language Requirement': 'Not specified', 'Experience Requirement': 'Not specified', 'Benefits': []}","Victoria , BC",$ 20.00 HOUR hourly,Full time,Starts as soon as possible,1 vacancy,indeed.com #9307039234,Not specified
52,office administrator,,"June 03, 2024",Not specified,,,"June 03, 2024",Quality Living Housing Cooperative,Ottawa (ON),Salary: $25.00 hourly,9306658470,https://ca.indeed.com/viewjob?jk=fed86dd6e57aeed2&sid=cajb&kw=cajb,"{'Language Requirement': 'Not specified', 'Experience Requirement': 'Not specified', 'Benefits': []}","Ottawa , ON",$ 25.00 HOUR hourly,Permanent employment Part time,Starts as soon as possible,1 vacancy,indeed.com #9306658470,Not specified
53,office administrator,,"May 17, 2024",2024-06-16,,,"May 17, 2024",AmeriSpec,Dartmouth (NS),Salary not available,2053781,https://www.careerbeacon.com/en/job/2053781/amerispec/office-administrator/dartmouth?utm_campaign=feeds&utm_source=jobbank&utm_medium=Careerbeacon,"{'Language Requirement': 'Not specified', 'Experience Requirement': 'Not specified', 'Benefits': []}","Dartmouth , NS",Not available,Full time,Starts as soon as possible,1 vacancy,CareerBeacon #2053781,Not specified
54,office administrator,,"May 29, 2024",Not specified,,,"May 29, 2024",Freelandt Caldwell Reilly LLP,Greater Sudbury (ON),Salary not available,9299244145,https://ca.indeed.com/viewjob?jk=8f2b4006acce992b&sid=cajb&kw=cajb,"{'Language Requirement': 'Not specified', 'Experience Requirement': 'Not specified', 'Benefits': []}","Greater Sudbury , ON",Not available,Permanent employment Full time,Starts as soon as possible,1 vacancy,indeed.com #9299244145,Not specified
55,office administrator,,"June 07, 2024",Not specified,,,"June 07, 2024",Crispo Canada Inc.,Bolton (ON),"Salary: $47,000.00 annually",9313972616,https://ca.indeed.com/viewjob?jk=626571b31b504d1c&sid=cajb&kw=cajb,"{'Language Requirement': 'Not specified', 'Experience Requirement': 'Not specified', 'Benefits': []}","Bolton , ON","$ 47,000 YEAR annually",Full time,Starts as soon as possible,1 vacancy,indeed.com #9313972616,Not specified
56,office administrator,,"May 28, 2024",Not specified,,,"May 28, 2024",Classic Contracting Sales & Services,North Bay (ON),Salary: $19.00 to $24.00 hourly,9297662438,https://ca.indeed.com/viewjob?jk=ae29b4aaf38da6a8&sid=cajb&kw=cajb,"{'Language Requirement': 'Not specified', 'Experience Requirement': 'Not specified', 'Benefits': []}","North Bay , ON",$ 19.00 to $ 24.00 HOUR hourly,Permanent employment Full time,Starts as soon as possible,1 vacancy,indeed.com #9297662438,Not specified
57,office administrator,,"June 01, 2024",Not specified,,,"June 01, 2024",Waterview Physiotherapy and Health Centre,Grimsby (ON),Salary: $20.00 to $22.00 hourly,9304628524,https://ca.indeed.com/viewjob?jk=e320cb44d51ff2fe&sid=cajb&kw=cajb,"{'Language Requirement': 'Not specified', 'Experience Requirement': 'Not specified', 'Benefits': []}","Grimsby , ON",$ 20.00 to $ 22.00 HOUR hourly,Permanent employment Full time,Starts as soon as possible,1 vacancy,indeed.com #9304628524,Not specified
58,office administrator,,"May 28, 2024",Not specified,,,"May 28, 2024",Sunguard,Mississauga (ON),Salary: $23.00 to $26.00 hourly,9298291591,https://ca.indeed.com/viewjob?jk=5d2966a9e0da8eb6&sid=cajb&kw=cajb,"{'Language Requirement': 'Not specified', 'Experience Requirement': 'Not specified', 'Benefits': []}","Mississauga , ON",$ 23.00 to $ 26.00 HOUR hourly,Part time,Starts as soon as possible,1 vacancy,indeed.com #9298291591,Not specified
59,office administrator,,"June 10, 2024",Not specified,,,"June 10, 2024",Chebucto Family Centre,Halifax (NS),"Salary: $42,406.00 annually",9317048961,https://ca.indeed.com/viewjob?jk=c7cd31fb0827739e&sid=cajb&kw=cajb,"{'Language Requirement': 'Not specified', 'Experience Requirement': 'Not specified', 'Benefits': []}","Halifax , NS","$ 42,406 YEAR annually",Permanent employment Full time,Starts as soon as possible,1 vacancy,indeed.com #9317048961,Not specified
60,office administrator,,"June 07, 2024",2024-06-14,,,"June 07, 2024",Onboard Immigration Services,Richmond (BC),Salary not available,852939369fac,https://ca.talent.com/redirect?id=852939369fac&amp;source=jobbank&amp;utm_source=partner&amp;utm_medium=jobbank&amp;puid=bdd8eddb3dee3de73ded3de73ded3deagdd79ada3aefgaddaed3dddg7ed3fcdd8cdf9cdcfed39ddf&amp;cg=talent,"{'Language Requirement': 'Not specified', 'Experience Requirement': 'Not specified', 'Benefits': []}","Richmond , BC",Not available,Not available,Starts as soon as possible,1 vacancy,Talent.com #852939369fac,Not specified
61,office administrator,,"June 12, 2024",2024-06-30,,,"June 12, 2024",JA Tech Inc.,Saskatoon (SK),Salary not available,1349198,http://www.saskjobs.ca/jsp/joborder/detail.jsp?job_order_id=1349198,"{'Language Requirement': 'Not specified', 'Experience Requirement': 'Not specified', 'Benefits': []}","Saskatoon , SK",Not available,Not specified,Starts as soon as possible,Not specified,SaskJobs #1349198,Not specified
62,office administrator,,"May 21, 2024",2024-06-19,,,"May 21, 2024",1151076 Ontario Inc.,Uxbridge (ON),"Salary: $68,172.05 annually",694ac39924,https://www.ziprecruiter.com/k/t/AAImg5sFEbyVy2DCH433LugxejLXEfEpz9Z88hV62zZfrDXCmBCnBcF5tqU4YkGD6NZ0E1GTU1ek93vTVTiDO0i4xyjhC0uRRpkQOfqjNb8HzeXAB8DQUHVCnozKTBLfvGS5Qu2LfWWUHUGXTMxL5LHQPq7QD3TflvwkDuKdm8nVYDaXK_CqwGY9A4qEjfRrI4kp6XZygEKTV2xyE7I2iDSzbhb3Qpd1Fw1qbczR9t5Y-BPdgwWPPZKOkyloD21sBVGGUgJLihLHs_X1oziHkXb6wAmHqrrUosIaErEQouFTkiSlxxhbkmKa,"{'Language Requirement': 'Not specified', 'Experience Requirement': 'Not specified', 'Benefits': []}","Uxbridge , ON","$ 68,172.05 YEAR annually",Permanent employment Full time,Starts as soon as possible,1 vacancy,ZipRecruiter #694ac39924,Not specified
63,office administrator,,"May 24, 2024",2024-06-24,,,"May 24, 2024",Overland West,Whitehorse (YT),Salary not available,664f89881c1ce3.11500331|en|17,https://job-openings.monster.ca/office-administrator-whitehorse-yt-ca-overland-west/3a06e52a-a6b6-4f59-80ae-3ecf981731c4?mescoid=4300749001001,"{'Language Requirement': 'Not specified', 'Experience Requirement': 'Not specified', 'Benefits': []}","Whitehorse , YT",Not available,Not specified,Starts as soon as possible,1 vacancy,Monster #664f89881c1ce3.11500331|en|17,Not specified
64,office administrator,,"May 30, 2024",2024-06-29,,,"May 30, 2024",Nucor Rebar Fabrication,Regina (SK),Salary not available,1355382,http://www.saskjobs.ca/jsp/joborder/detail.jsp?job_order_id=1355382,"{'Language Requirement': 'Not specified', 'Experience Requirement': 'Not specified', 'Benefits': []}","Regina , SK",Not available,Not specified,Starts as soon as possible,Not specified,SaskJobs #1355382,Not specified
65,office administrator,,"June 04, 2024",Not specified,,,"June 04, 2024",Shakespeare Mills INC,Shakespeare (ON),Salary: $20.00 to $22.00 hourly,9308853946,https://ca.indeed.com/viewjob?jk=6663e43753128b27&sid=cajb&kw=cajb,"{'Language Requirement': 'Not specified', 'Experience Requirement': 'Not specified', 'Benefits': []}","Shakespeare , ON",$ 20.00 to $ 22.00 HOUR hourly,Part time,Starts as soon as possible,1 vacancy,indeed.com #9308853946,Not specified
66,office administrator,,"May 23, 2024",Not specified,,,"May 23, 2024",Freedom Mobile (Dealership Stores),Brampton (ON),Salary: $22.00 to $27.00 hourly,9291710475,https://ca.indeed.com/viewjob?jk=d95b1ff99d7c6a20&sid=cajb&kw=cajb,"{'Language Requirement': 'Not specified', 'Experience Requirement': 'Not specified', 'Benefits': []}","Brampton , ON",$ 22.00 to $ 27.00 HOUR hourly,Permanent employment Full time,Starts as soon as possible,1 vacancy,indeed.com #9291710475,Not specified
67,office administrator,Title posted on indeed.com -Administrator - Ottawa Office,"June 05, 2024",Not specified,,,"June 05, 2024",X-Copper Professional Corporation,Ottawa (ON),Salary not available,9310560989,https://ca.indeed.com/viewjob?jk=2a95a239b8f27f98&sid=cajb&kw=cajb,"{'Language Requirement': 'Not specified', 'Experience Requirement': 'Not specified', 'Benefits': []}","Ottawa , ON",Not available,Full time,Starts as soon as possible,1 vacancy,indeed.com #9310560989,Not specified
68,office administrator,Title posted on indeed.com -Administrator - Pickering Office,"June 05, 2024",Not specified,,,"June 05, 2024",X-Copper Professional Corporation,Pickering (ON),Salary not available,9310574225,https://ca.indeed.com/viewjob?jk=2452f1aa8844cef5&sid=cajb&kw=cajb,"{'Language Requirement': 'Not specified', 'Experience Requirement': 'Not specified', 'Benefits': []}","Pickering , ON",Not available,Full time,Starts as soon as possible,1 vacancy,indeed.com #9310574225,Not specified
69,office administrator,,"May 28, 2024",Not specified,,,"May 28, 2024",Bateman Manufacturing,Oro-Medonte (ON),Salary: $20.00 to $22.00 hourly,9297397145,https://ca.indeed.com/viewjob?jk=75cde6ae1ecd39b4&sid=cajb&kw=cajb,"{'Language Requirement': 'Not specified', 'Experience Requirement': 'Not specified', 'Benefits': []}","Oro-Medonte , ON",$ 20.00 to $ 22.00 HOUR hourly,Permanent employment Full time,Starts as soon as possible,1 vacancy,indeed.com #9297397145,Not specified
70,office administrator,,"May 17, 2024",2024-06-16,,,"May 17, 2024",Servant Dunbrack McKenzie & MacDonald Ltd.,Halifax (NS),Salary not available,MB2009042009,https://www.careerbeacon.com/en/job/1662009/servant-dunbrack-mckenzie-macdonald-ltd/office-administrator/halifax?utm_campaign=feeds&utm_source=jobbank&utm_medium=Careerbeacon,"{'Language Requirement': 'Not specified', 'Experience Requirement': 'Not specified', 'Benefits': []}","Halifax , NS",Not available,Full time,Starts as soon as possible,1 vacancy,CareerBeacon #MB2009042009,Not specified
71,office administrator,,"June 12, 2024",Not specified,,,"June 12, 2024",CSN No.1 Autobody Ltd.,Campbell River (BC),Salary: $19.00 to $25.00 hourly,9320046585,https://ca.indeed.com/viewjob?jk=480160a826454052&sid=cajb&kw=cajb,"{'Language Requirement': 'Not specified', 'Experience Requirement': 'Not specified', 'Benefits': []}","Campbell River , BC",$ 19.00 to $ 25.00 HOUR hourly,Permanent employment Full time,Starts as soon as possible,1 vacancy,indeed.com #9320046585,Not specified
72,office administrator,Title posted on Monster -Office Administrator (6+ month contract),"May 20, 2024",2024-06-24,,,"May 20, 2024",Ratehub,Toronto (ON),Salary not available,G1DIjWTWEx,https://job-openings.monster.ca/office-administrator-6-month-contract-toronto-on-ca-ratehub/24799592-251c-4a07-9307-5ede15d6fa6a?mescoid=4300749001001,"{'Language Requirement': 'Not specified', 'Experience Requirement': 'Not specified', 'Benefits': []}","Toronto , ON",Not available,Not specified,Starts as soon as possible,1 vacancy,Monster #G1DIjWTWEx,Not specified
73,office administrator,,"June 07, 2024",Not specified,,,"June 07, 2024",Hardwire Telecom,Victoria (BC),Salary: $22.00 to $23.00 hourly,9314261399,https://ca.indeed.com/viewjob?jk=62174dace9e9b68e&sid=cajb&kw=cajb,"{'Language Requirement': 'Not specified', 'Experience Requirement': 'Not specified', 'Benefits': []}","Victoria , BC",$ 22.00 to $ 23.00 HOUR hourly,Permanent employment Full time,Starts as soon as possible,1 vacancy,indeed.com #9314261399,Not specified
74,office administrator,,"May 23, 2024",2024-06-28,,,"May 23, 2024",Turnbull Excavating Ltd.,Estevan (SK),"Salary: Negotiable, depending on experience",1353133,http://www.saskjobs.ca/jsp/joborder/detail.jsp?job_order_id=1353133,"{'Language Requirement': 'Not specified', 'Experience Requirement': 'Not specified', 'Benefits': []}","Estevan , SK","Negotiable, depending on experience",Not specified,Starts as soon as possible,Not specified,SaskJobs #1353133,Not specified
75,office administrator,,"May 29, 2024",Not specified,,,"May 29, 2024",Hardwire Telecom,Victoria (BC),Salary: $22.00 to $23.00 hourly,9299418441,https://ca.indeed.com/viewjob?jk=010e69313aa594e2&sid=cajb&kw=cajb,"{'Language Requirement': 'Not specified', 'Experience Requirement': 'Not specified', 'Benefits': []}","Victoria , BC",$ 22.00 to $ 23.00 HOUR hourly,Permanent employment Full time,Starts as soon as possible,1 vacancy,indeed.com #9299418441,Not specified
76,office administrator,,"June 11, 2024",Not specified,,,"June 11, 2024",DarMel Contracting,Welland (ON),Salary: $17.00 to $25.00 hourly,9318441063,https://ca.indeed.com/viewjob?jk=881e1800286728c6&sid=cajb&kw=cajb,"{'Language Requirement': 'Not specified', 'Experience Requirement': 'Not specified', 'Benefits': []}","Welland , ON",$ 17.00 to $ 25.00 HOUR hourly,Full time,Starts as soon as possible,1 vacancy,indeed.com #9318441063,Not specified
77,office administrator,,"June 10, 2024",Not specified,,,"June 10, 2024",BarterPay Canada,Komoka (ON),Salary: $18.00 to $30.00 hourly,9317262073,https://ca.indeed.com/viewjob?jk=62e8f921eecc74f0&sid=cajb&kw=cajb,"{'Language Requirement': 'Not specified', 'Experience Requirement': 'Not specified', 'Benefits': []}","Komoka , ON",$ 18.00 to $ 30.00 HOUR hourly,Full time,Starts as soon as possible,1 vacancy,indeed.com #9317262073,Not specified
78,office administrator,,"June 05, 2024",Not specified,,,"June 05, 2024",Durand Integrated Health Group,Hamilton (ON),Salary: $19.00 to $20.00 hourly,9310348327,https://ca.indeed.com/viewjob?jk=70f27399bc71d4b8&sid=cajb&kw=cajb,"{'Language Requirement': 'Not specified', 'Experience Requirement': 'Not specified', 'Benefits': []}","Hamilton , ON",$ 19.00 to $ 20.00 HOUR hourly,Permanent employment Full time,Starts as soon as possible,1 vacancy,indeed.com #9310348327,Not specified
79,office administrator,,"June 12, 2024",Not specified,,,"June 12, 2024",vbs apparel,Surrey (BC),"Salary: $40,000.00 annually",9320456656,https://ca.indeed.com/viewjob?jk=ec9d6b4eb8b21ad6&sid=cajb&kw=cajb,"{'Language Requirement': 'Not specified', 'Experience Requirement': 'Not specified', 'Benefits': []}","Surrey , BC","$ 40,000 YEAR annually",Permanent employment Full time,Starts as soon as possible,1 vacancy,indeed.com #9320456656,Not specified
80,office administrator,,"May 16, 2024",Not specified,,,"May 16, 2024",Great Lakes Greenhouses,Leamington (ON),Salary not available,9282311900,https://ca.indeed.com/viewjob?jk=8be90e2071791112&sid=cajb&kw=cajb,"{'Language Requirement': 'Not specified', 'Experience Requirement': 'Not specified', 'Benefits': []}","Leamington , ON",Not available,Full time,Starts as soon as possible,1 vacancy,indeed.com #9282311900,Not specified
81,office administrator,Title posted on CareerBeacon -Clinic Administrator,"May 21, 2024",2024-07-19,,,"May 21, 2024",East Coast Hearing,Bedford (NS),Salary not available,2022304,https://www.careerbeacon.com/en/job/2022304/east-coast-hearing/clinic-administrator/bedford?utm_campaign=feeds&utm_source=jobbank&utm_medium=Careerbeacon,"{'Language Requirement': 'Not specified', 'Experience Requirement': 'Not specified', 'Benefits': []}","Bedford , NS",Not available,Full time,Starts as soon as possible,1 vacancy,CareerBeacon #2022304,Not specified
82,office administrator,,"June 12, 2024",Not specified,,,"June 12, 2024",Sky Truck Towing & Recovery Ltd,Delta (BC),Salary: $17.00 hourly,9320042951,https://ca.indeed.com/viewjob?jk=231f7dfe22d69a4f&sid=cajb&kw=cajb,"{'Language Requirement': 'Not specified', 'Experience Requirement': 'Not specified', 'Benefits': []}","Delta , BC",$ 17.00 HOUR hourly,Full time,Starts as soon as possible,1 vacancy,indeed.com #9320042951,Not specified
83,office administrator,,"June 12, 2024",Not specified,,,"June 12, 2024","Eternity Laser & Skin Care, Inc.",Surrey (BC),Salary: $18.00 hourly,9320729051,https://ca.indeed.com/viewjob?jk=c94e1cc35b6e5e25&sid=cajb&kw=cajb,"{'Language Requirement': 'Not specified', 'Experience Requirement': 'Not specified', 'Benefits': []}","Surrey , BC",$ 18.00 HOUR hourly,Part time,Starts as soon as possible,1 vacancy,indeed.com #9320729051,Not specified
84,office administrator,,"June 12, 2024",Not specified,,,"June 12, 2024",Great River Financial Services Inc (GRFS),Langley (BC),Salary: $18.00 to $24.00 hourly,9319843996,https://ca.indeed.com/viewjob?jk=bebd240f8b3fa8bd&sid=cajb&kw=cajb,"{'Language Requirement': 'Not specified', 'Experience Requirement': 'Not specified', 'Benefits': []}","Langley , BC",$ 18.00 to $ 24.00 HOUR hourly,Permanent employment Full time,Starts as soon as possible,1 vacancy,indeed.com #9319843996,Not specified
85,office administrator,,"May 23, 2024",Not specified,,,"May 23, 2024",Bytown Dental House,Vanier (ON),Salary: $25.00 to $31.00 hourly,9291541575,https://ca.indeed.com/viewjob?jk=b71e5d33721b8ecf&sid=cajb&kw=cajb,"{'Language Requirement': 'Not specified', 'Experience Requirement': 'Not specified', 'Benefits': []}","Vanier , ON",$ 25.00 to $ 31.00 HOUR hourly,Permanent employment Full time,Starts as soon as possible,1 vacancy,indeed.com #9291541575,Not specified
86,office administrator,,"June 11, 2024",Not specified,,,"June 11, 2024",ABLE Developmental Clinic Inc.,Surrey (BC),Salary: $20.00 to $22.00 hourly,9318620729,https://ca.indeed.com/viewjob?jk=91ca6e9e1723dd04&sid=cajb&kw=cajb,"{'Language Requirement': 'Not specified', 'Experience Requirement': 'Not specified', 'Benefits': []}","Surrey , BC",$ 20.00 to $ 22.00 HOUR hourly,Full time,Starts as soon as possible,1 vacancy,indeed.com #9318620729,Not specified
87,office administrator,,"June 04, 2024",Not specified,,,"June 04, 2024",THOMAS Group Inc.,Calgary (AB),Salary: $25.00 hourly,9308773460,https://ca.indeed.com/viewjob?jk=a452c5ee53d2cc12&sid=cajb&kw=cajb,"{'Language Requirement': 'Not specified', 'Experience Requirement': 'Not specified', 'Benefits': []}","Calgary , AB",$ 25.00 HOUR hourly,Full time,Starts as soon as possible,1 vacancy,indeed.com #9308773460,Not specified
88,office administrator,,"June 04, 2024",Not specified,,,"June 04, 2024",Softwash Butler,Ottawa (ON),"Salary: $40,000.00 to $50,000.00 annually",9308952338,https://ca.indeed.com/viewjob?jk=4018a62032ce3432&sid=cajb&kw=cajb,"{'Language Requirement': 'Not specified', 'Experience Requirement': 'Not specified', 'Benefits': []}","Ottawa , ON","$ 40,000 to $ 50,000 YEAR annually",Full time,Starts as soon as possible,1 vacancy,indeed.com #9308952338,Not specified
89,office administrator,,"May 29, 2024",2024-06-26,,,"May 29, 2024",C.J. Edwards & Son Ltd.,Kenora (ON),Salary: $27.33 hourly,ec1fdd8b,https://www.ziprecruiter.com/k/t/AALooaCO7yBFdTrqjIcHf47GYYaikclJlSbTAarfG9EafSJeEkecJ5G70vL3vDFWHFbkiBaaPgoxvVy7KY3qEqedCbDRCJ4buRmLPLpsf3LpKVzDEHcXOGzq8P293ZlLOXPdlhg7SrEWd_5C7pVpDeUgrGT1FHBJYAgIQN9hv39fEjrcCQIWTSEMcj8wZ36ki5x4KYgcokQxAPdg_5oeWlJLnLy7szgeBYvEHgNFFwhUROE7JaxlZc8e96FcDE6Zl-VExaqh8bxBYOsXA06E3ODGXqRU2AUvern6ZRZLPr-X_9r0UX-Gnw,"{'Language Requirement': 'Not specified', 'Experience Requirement': 'Not specified', 'Benefits': []}","Kenora , ON",$ 27.33 HOUR hourly,Permanent employment Full time,Starts as soon as possible,1 vacancy,ZipRecruiter #ec1fdd8b,Not specified
90,office administrator,,"June 12, 2024",Not specified,,,"June 12, 2024",Apna Group,Surrey (BC),Salary: $16.75 hourly,9320673420,https://ca.indeed.com/viewjob?jk=0e489f36fd6c95d0&sid=cajb&kw=cajb,"{'Language Requirement': 'Not specified', 'Experience Requirement': 'Not specified', 'Benefits': []}","Surrey , BC",$ 16.75 HOUR hourly,Permanent employment Full time,Starts as soon as possible,1 vacancy,indeed.com #9320673420,Not specified
91,office administrator,,"June 12, 2024",Not specified,,,"June 12, 2024",Sky Truck Towing & Recovery Ltd,Delta (BC),Salary: $17.00 hourly,9320038676,https://ca.indeed.com/viewjob?jk=2525bf80c3bd6a04&sid=cajb&kw=cajb,"{'Language Requirement': 'Not specified', 'Experience Requirement': 'Not specified', 'Benefits': []}","Delta , BC",$ 17.00 HOUR hourly,Full time,Starts as soon as possible,1 vacancy,indeed.com #9320038676,Not specified
92,office administrator,,"May 26, 2024",2024-06-24,,,"May 26, 2024",Ridall Pest Control,Burnaby (BC),"Salary: $56,831.09 annually",2f8bd99b,https://www.ziprecruiter.com/k/t/AAJZmFp7BsMAmnT4dMoj9s9Hco7luRXHv9IM63j3AcBGWXICQoSp6iFvos5j-_lRDPsPO6sQ40PxJ-cDhQYxY_x8Y7a8R1Ijqv2ebsuVkYszCcBkQ1A6OsnjeEMgEX5yrmlyfWKdtot3eu67CWGz2WQWDNzEZvTWZxkgN0RZLPqIaviGuG46-bIy5dqSYDZCnoF8qDFWtfEPYeKumpqO-RdqY6MQHM1BZPxIsJ-zCqRKrLiZ7iYgW4ppw0BxSY6ILqa0epJcfyrTf8PiGJXr_KaEzC8pd9fDGrI_FY9L00slNcU1UFka3Q,"{'Language Requirement': 'Not specified', 'Experience Requirement': 'Not specified', 'Benefits': []}","Burnaby , BC","$ 56,831.09 YEAR annually",Permanent employment Full time,Starts as soon as possible,1 vacancy,ZipRecruiter #2f8bd99b,Not specified
93,office administrator,,"May 28, 2024",Not specified,,,"May 28, 2024",Catania Chiropractic,London (ON),Salary: $19.00 to $21.00 hourly,9297465179,https://ca.indeed.com/viewjob?jk=44da9d3ee5849495&sid=cajb&kw=cajb,"{'Language Requirement': 'Not specified', 'Experience Requirement': 'Not specified', 'Benefits': []}","London , ON",$ 19.00 to $ 21.00 HOUR hourly,Full time,Starts as soon as possible,1 vacancy,indeed.com #9297465179,Not specified
94,office administrator,,"June 12, 2024",2024-07-07,,,"June 12, 2024",Maa Infosys Inc.,Saskatoon (SK),Salary not available,1358644,http://www.saskjobs.ca/jsp/joborder/detail.jsp?job_order_id=1358644,"{'Language Requirement': 'Not specified', 'Experience Requirement': 'Not specified', 'Benefits': []}","Saskatoon , SK",Not available,Not specified,Starts as soon as possible,Not specified,SaskJobs #1358644,Not specified
95,office administrator,,"May 26, 2024",Not specified,,,"May 26, 2024",The Athlete Centre,Victoria (BC),Salary: $18.00 to $21.00 hourly,9294937213,https://ca.indeed.com/viewjob?jk=bd7de49b3988fa21&sid=cajb&kw=cajb,"{'Language Requirement': 'Not specified', 'Experience Requirement': 'Not specified', 'Benefits': []}","Victoria , BC",$ 18.00 to $ 21.00 HOUR hourly,Full time,Starts as soon as possible,1 vacancy,indeed.com #9294937213,Not specified
96,office administrator,Title posted on Jobillico -Agent e de bureau,"June 11, 2024",2024-07-10,,,"June 11, 2024",Réno-Direct,Laval (QC),"Salary: $50,000.00 annually",13989516,https://www.jobillico.com/en/job-offer/reno-directcPzpMu/agent-e-de-bureau/13989516?ji_visitsrc=136,"{'Language Requirement': 'Not specified', 'Experience Requirement': 'Not specified', 'Benefits': []}","Laval , QC","$ 50,000 YEAR annually",Permanent employment Full time,Starts as soon as possible,1 vacancy,Jobillico #13989516,Not specified
97,office administrator,Title posted on Jobillico -Agent de bureau,"June 10, 2024",2024-07-09,,,"June 10, 2024",Minister of Public Security,Sherbrooke (QC),"Salary: $38,151.00 to $47,045.00 annually",13978065,https://www.jobillico.com/en/job-offer/minister-of-public-security/agent-de-bureau/13978065?ji_visitsrc=136,"{'Language Requirement': 'Not specified', 'Experience Requirement': 'Not specified', 'Benefits': []}","Sherbrooke , QC","$ 38,151 to $ 47,045 YEAR annually",Permanent employment Full time,Starts as soon as possible,1 vacancy,Jobillico #13978065,Not specified
98,office administrator,Title posted on Jobillico -Agent de bureau,"June 07, 2024",2024-07-06,,,"June 07, 2024",Minister of Public Security,Trois-Rivières (QC),"Salary: $38,151.00 to $47,045.00 annually",13964259,https://www.jobillico.com/en/job-offer/minister-of-public-security/agent-de-bureau/13964259?ji_visitsrc=136,"{'Language Requirement': 'Not specified', 'Experience Requirement': 'Not specified', 'Benefits': []}","Trois-Rivières , QC","$ 38,151 to $ 47,045 YEAR annually",Permanent employment Full time,Starts as soon as possible,1 vacancy,Jobillico #13964259,Not specified
99,office administrator,Title posted on Jobillico -Agent de bureau au Centre d?expertise,"June 04, 2024",2024-07-03,,,"June 04, 2024",Institut de Tourisme et d'Hôtellerie du Québec,Montréal (QC),"Salary: $38,918.00 to $47,995.00 annually",13664589,https://www.jobillico.com/en/job-offer/institut-de-tourisme-et-d-hotellerie-du-.lMhbGh/agent-e-de-bureau-au-centre-d-expertise/13664589?ji_visitsrc=136,"{'Language Requirement': 'Not specified', 'Experience Requirement': 'Not specified', 'Benefits': []}","Montréal , QC","$ 38,918 to $ 47,995 YEAR annually",Permanent employment Full time,Starts as soon as possible,1 vacancy,Jobillico #13664589,Not specified
100,office administrator,"Title posted on Jobillico -Agent de bureau, classe principale","June 03, 2024",2024-07-02,,,"June 03, 2024",Centre de services scolaire des Chic-Chocs,Gaspé (QC),Salary: $23.12 to $28.31 hourly,13016568,https://www.jobillico.com/en/job-offer/centre-de-services-scolaire-des-chic-chocs/agent-de-bureau-classe-principale/13016568?ji_visitsrc=136,"{'Language Requirement': 'Not specified', 'Experience Requirement': 'Not specified', 'Benefits': []}","Gaspé , QC",$ 23.12 to $ 28.31 HOUR hourly,Term or contract Full time,Starts as soon as possible,1 vacancy,Jobillico #13016568,Not specified
101,office administrator,Title posted on Jobillico -AGENT.E DE BUREAU CLASSE I (surcroit),"June 11, 2024",2024-07-10,,,"June 11, 2024",Centre de services scolaire des Samares,Saint-Félix-de-Valois (QC),Salary: $22.36 to $25.00 hourly,13989642,https://www.jobillico.com/en/job-offer/centre-de-services-scolaire-des-samares/agent.e-de-bureau-classe-i-surcroit-/13989642?ji_visitsrc=136,"{'Language Requirement': 'Not specified', 'Experience Requirement': 'Not specified', 'Benefits': []}","Saint-Félix-de-Valois , QC",$ 22.36 to $ 25.00 HOUR hourly,Full time,Starts as soon as possible,1 vacancy,Jobillico #13989642,Not specified
102,office administrator,,"June 11, 2024",Not specified,,,"June 11, 2024",Scarborough Rehabilitation Clinic,Scarborough (ON),Salary: $16.55 to $21.87 hourly,9318736390,https://ca.indeed.com/viewjob?jk=5cad1c371da3d03b&sid=cajb&kw=cajb,"{'Language Requirement': 'Not specified', 'Experience Requirement': 'Not specified', 'Benefits': []}","Scarborough , ON",$ 16.55 to $ 21.87 HOUR hourly,Full time,Starts as soon as possible,1 vacancy,indeed.com #9318736390,Not specified
103,office administrator,"Title posted on Jobillico -Agente ou agent de bureau, classe 1 (paie)","May 27, 2024",2024-06-25,,,"May 27, 2024",Centre de services scolaire de la Baie-James,Chibougamau (QC),Salary: $22.36 to $25.00 hourly,12834778,https://www.jobillico.com/en/job-offer/centre-de-services-scolaire-de-la-baie-james/agente-ou-agent-de-bureau-classe-1-paie-/12834778?ji_visitsrc=136,"{'Language Requirement': 'Not specified', 'Experience Requirement': 'Not specified', 'Benefits': []}","Chibougamau , QC",$ 22.36 to $ 25.00 HOUR hourly,Permanent employment Full time,Starts as soon as possible,1 vacancy,Jobillico #12834778,Not specified
104,office administrator,,"May 22, 2024",2024-06-21,Job Bank,This job posting is advertised by a recruitment agency on behalf of the employer.,"May 22, 2024",Whistler Personnel Solutions,Whistler (BC),Salary: $25.00 hourly,2928954,,"{'Language Requirement': 'English', 'Experience Requirement': '1 year to less than 2 years', 'Benefits': ['Dental plan', 'Health care plan', 'Vision care benefits', 'Wellness program']}","Whistler , BC",$ 25.00 HOUR hourly / 37.5 hours per week,Permanent employment Full time,Starts as soon as possible,1 vacancy,Job Bank #2928954,Permanent placement opportunity
105,office administrator,"Title posted on Jobillico -Agente ou agent de bureau, spécialiste","May 31, 2024",2024-06-29,,,"May 31, 2024",Sûreté du Québec,Montréal (QC),Salary not available,13916655,https://www.jobillico.com/en/job-offer/surete-du-quebec/agente-ou-agent-de-bureau-sp-eacute-cialiste/13916655?ji_visitsrc=136,"{'Language Requirement': 'Not specified', 'Experience Requirement': 'Not specified', 'Benefits': []}","Montréal , QC",Not available,Not specified,Starts as soon as possible,1 vacancy,Jobillico #13916655,Not specified
106,office administrator,Title posted on Jobillico -Agent ou agente de bureau,"May 24, 2024",2024-06-22,,,"May 24, 2024",Mallette,Shawinigan (QC),Salary not available,13479144,https://www.jobillico.com/en/job-offer/mallette/agent-ou-agente-de-bureau/13479144?ji_visitsrc=136,"{'Language Requirement': 'Not specified', 'Experience Requirement': 'Not specified', 'Benefits': []}","Shawinigan , QC",Not available,Permanent employment Full time,Starts as soon as possible,1 vacancy,Jobillico #13479144,Not specified
107,office administrator,Title posted on Jobillico -Agent ou agente de bureau,"May 24, 2024",2024-06-22,,,"May 24, 2024",Mallette,Saint-Étienne-des-Grès (QC),Salary not available,13479132,https://www.jobillico.com/en/job-offer/mallette/agent-ou-agente-de-bureau/13479132?ji_visitsrc=136,"{'Language Requirement': 'Not specified', 'Experience Requirement': 'Not specified', 'Benefits': []}","Saint-Étienne-des-Grès , QC",Not available,Permanent employment Full time,Starts as soon as possible,1 vacancy,Jobillico #13479132,Not specified
108,office administrator,Title posted on Jobillico -Agent ou agente de bureau,"May 24, 2024",2024-06-22,,,"May 24, 2024",Mallette,Trois-Rivières (QC),Salary not available,13479147,https://www.jobillico.com/en/job-offer/mallette/agent-ou-agente-de-bureau/13479147?ji_visitsrc=136,"{'Language Requirement': 'Not specified', 'Experience Requirement': 'Not specified', 'Benefits': []}","Trois-Rivières , QC",Not available,Permanent employment Full time,Starts as soon as possible,1 vacancy,Jobillico #13479147,Not specified
109,office administrator,Title posted on Jobillico -Agentde bureau formation fosse,"May 23, 2024",2024-06-21,,,"May 23, 2024",Hecla Québec,La Sarre (QC),Salary not available,13646019,https://www.jobillico.com/en/job-offer/mines-aurizon-ltee/agent-e-de-bureau-formation-fosse/13646019?ji_visitsrc=136,"{'Language Requirement': 'Not specified', 'Experience Requirement': 'Not specified', 'Benefits': []}","La Sarre , QC",Not available,Term or contract Full time,Starts as soon as possible,1 vacancy,Jobillico #13646019,Not specified
110,office administrator,,"June 10, 2024",2024-07-11,,,"June 10, 2024",Aplin,Montréal (QC),Salary not available,53262435,https://job-openings.monster.ca/office-administrator-montreal-qc-ca-aplin/0da52f94-afb3-45e0-8df7-5a60bbaff2b8?mescoid=4300749001001,"{'Language Requirement': 'Not specified', 'Experience Requirement': 'Not specified', 'Benefits': []}","Montréal , QC",Not available,Not specified,Starts as soon as possible,1 vacancy,Monster #53262435,Not specified
