,Job Title,Original Title,Posted Date,Advertised Until,Job Date,Company Name,Location,Salary,Job Number,Job Applying Link,Additional Details,Location,Salary,Terms of Employment,Start Date,Vacancies,Source,Other
0,physiotherapist,,"May 31, 2024",Not specified,"May 31, 2024",Bolton Total Rehabilitation,Bolton (ON),Salary: $31.39 to $84.63 hourly,9302427872,https://ca.indeed.com/viewjob?jk=54fa89f8b79e1e2f&sid=cajb&kw=cajb,"{'Language Requirement': 'Not specified', 'Experience Requirement': 'Not specified', 'Benefits': []}","Bolton , ON",$ 31.39 to $ 84.63 HOUR hourly,Part time,Starts as soon as possible,1 vacancy,indeed.com #9302427872,Not specified
1,physiotherapist,,"June 11, 2024",Not specified,"June 11, 2024",Trenton Massage and Lymphedema Clinic,Quinte West (ON),Salary: $100.00 to $125.00 hourly,9319218535,https://ca.indeed.com/viewjob?jk=3fdbe03087413d22&sid=cajb&kw=cajb,"{'Language Requirement': 'Not specified', 'Experience Requirement': 'Not specified', 'Benefits': []}","Quinte West , ON",$ 100.00 to $ 125.00 HOUR hourly,Permanent employment Full time,Starts as soon as possible,1 vacancy,indeed.com #9319218535,Not specified
2,physiotherapist,,"June 06, 2024",Not specified,"June 06, 2024",Runway Health,Markham (ON),Salary: $45.00 to $55.00 hourly,9312237772,https://ca.indeed.com/viewjob?jk=0c2f3b12484f2d3f&sid=cajb&kw=cajb,"{'Language Requirement': 'Not specified', 'Experience Requirement': 'Not specified', 'Benefits': []}","Markham , ON",$ 45.00 to $ 55.00 HOUR hourly,Part time,Starts as soon as possible,1 vacancy,indeed.com #9312237772,Not specified
3,physiotherapist,,"June 06, 2024",Not specified,"June 06, 2024",St. Joseph's Continuing Care Centre of Sudbury,Greater Sudbury (ON),Salary: $41.85 to $50.57 hourly,9312461833,https://ca.indeed.com/viewjob?jk=ff0595ef66b3c94f&sid=cajb&kw=cajb,"{'Language Requirement': 'Not specified', 'Experience Requirement': 'Not specified', 'Benefits': []}","Greater Sudbury , ON",$ 41.85 to $ 50.57 HOUR hourly,Permanent employment Full time,Starts as soon as possible,1 vacancy,indeed.com #9312461833,Not specified
4,physiotherapist,Title posted on indeed.com -Part-time Physiotherapist,"June 04, 2024",Not specified,"June 04, 2024",Motion Works Physiotherapy Stittsville,Stittsville (ON),"Salary: $75,000.00 to $130,000.00 annually",9308546120,https://ca.indeed.com/viewjob?jk=339517457d7da142&sid=cajb&kw=cajb,"{'Language Requirement': 'Not specified', 'Experience Requirement': 'Not specified', 'Benefits': []}","Stittsville , ON","$ 75,000 to $ 130,000 YEAR annually",Permanent employment Part time,Starts as soon as possible,1 vacancy,indeed.com #9308546120,Not specified
5,physiotherapist,,"May 28, 2024",Not specified,"May 28, 2024",Brentwood Chiropractic Clinic,Sherwood Park (AB),"Salary: $65,000.00 to $160,000.00 annually",9298117887,https://ca.indeed.com/viewjob?jk=ebbcdc4eabef01d0&sid=cajb&kw=cajb,"{'Language Requirement': 'Not specified', 'Experience Requirement': 'Not specified', 'Benefits': []}","Sherwood Park , AB","$ 65,000 to $ 160,000 YEAR annually",Permanent employment Full time,Starts as soon as possible,1 vacancy,indeed.com #9298117887,Not specified
6,physiotherapist,,"June 06, 2024",Not specified,"June 06, 2024",BeActive Physio,Oakville (ON),"Salary: $90,000.00 to $110,000.00 annually",9312572215,https://ca.indeed.com/viewjob?jk=a76b6bb2684e4010&sid=cajb&kw=cajb,"{'Language Requirement': 'Not specified', 'Experience Requirement': 'Not specified', 'Benefits': []}","Oakville , ON","$ 90,000 to $ 110,000 YEAR annually",Full time,Starts as soon as possible,1 vacancy,indeed.com #9312572215,Not specified
7,physiotherapist,Title posted on Monster -Physiotherapist 2 - Powell River,"June 13, 2024",2024-07-14,"June 13, 2024",Vancouver Coastal Health,Powell River (BC),Salary not available,4659305083254fae9c85855e8f746de0,https://job-openings.monster.ca/physiotherapist-2-powell-river-powell-river-bc-ca-vancouver-coastal-health/68ed84fb-2664-4d99-a9cc-ea8f16716aba?mescoid=2900488001001,"{'Language Requirement': 'Not specified', 'Experience Requirement': 'Not specified', 'Benefits': []}","Powell River , BC",Not available,Not specified,Starts as soon as possible,1 vacancy,Monster #4659305083254fae9c85855e8f746de0,Not specified
8,physiotherapist,,"June 07, 2024",Not specified,"June 07, 2024",Life 'n Balance Wellness Centre,Calgary (AB),Salary: $100.00 to $120.00 hourly,9314701621,https://ca.indeed.com/viewjob?jk=00e1571c751df4af&sid=cajb&kw=cajb,"{'Language Requirement': 'Not specified', 'Experience Requirement': 'Not specified', 'Benefits': []}","Calgary , AB",$ 100.00 to $ 120.00 HOUR hourly,Full time,Starts as soon as possible,1 vacancy,indeed.com #9314701621,Not specified
9,physiotherapist,,"June 10, 2024",Not specified,"June 10, 2024",Swift Care Wellness Centre,Oshawa (ON),"Salary: $50,000.00 to $80,000.00 annually",9317008839,https://ca.indeed.com/viewjob?jk=e2a0ad57987112f3&sid=cajb&kw=cajb,"{'Language Requirement': 'Not specified', 'Experience Requirement': 'Not specified', 'Benefits': []}","Oshawa , ON","$ 50,000 to $ 80,000 YEAR annually",Permanent employment Part time,Starts as soon as possible,1 vacancy,indeed.com #9317008839,Not specified
10,physiotherapist,,"June 11, 2024",Not specified,"June 11, 2024",Stretch Health Canada Inc.,Kitchener (ON),Salary: $150.00 to $250.00 hourly,9318300197,https://ca.indeed.com/viewjob?jk=4c8190f057ec09a8&sid=cajb&kw=cajb,"{'Language Requirement': 'Not specified', 'Experience Requirement': 'Not specified', 'Benefits': []}","Kitchener , ON",$ 150.00 to $ 250.00 HOUR hourly,Part time,Starts as soon as possible,1 vacancy,indeed.com #9318300197,Not specified
11,physiotherapist,Title posted on indeed.com -Physiotherapist (Full Time or Part Time),"June 07, 2024",Not specified,"June 07, 2024",Care Plus Physiotherapy,Burlington (ON),Salary: $45.00 to $60.00 hourly,9313615770,https://ca.indeed.com/viewjob?jk=d6d1bf597538789e&sid=cajb&kw=cajb,"{'Language Requirement': 'Not specified', 'Experience Requirement': 'Not specified', 'Benefits': []}","Burlington , ON",$ 45.00 to $ 60.00 HOUR hourly,Full time,Starts as soon as possible,1 vacancy,indeed.com #9313615770,Not specified
12,physiotherapist,,"June 13, 2024",Not specified,"June 13, 2024",Innovate Health,Surrey (BC),"Salary: $59,777.46 to $159,296.31 annually",9322355840,https://ca.indeed.com/viewjob?jk=c48036f1037b5c48&sid=cajb&kw=cajb,"{'Language Requirement': 'Not specified', 'Experience Requirement': 'Not specified', 'Benefits': []}","Surrey , BC","$ 59,777.46 to $ 159,296.31 YEAR annually",Part time,Starts as soon as possible,1 vacancy,indeed.com #9322355840,Not specified
13,physiotherapist,"Title posted on Monster -Physiotherapist Victoria, BC","May 31, 2024",2024-07-01,"May 31, 2024",Nirvana Healthcare,Victoria (BC),Salary not available,1776966,https://job-openings.monster.ca/physiotherapist-victoria-bc-victoria-bc-ca-nirvana-healthcare/7abc630e-aa26-4140-96cd-1f6420df856d?mescoid=2900488001001,"{'Language Requirement': 'Not specified', 'Experience Requirement': 'Not specified', 'Benefits': []}","Victoria , BC",Not available,Permanent employment Full time,Starts as soon as possible,1 vacancy,Monster #1776966,Not specified
14,physiotherapist,Title posted on indeed.com -Physiotherapist West Ottawa,"June 03, 2024",Not specified,"June 03, 2024",Motion Works Physiotherapy Stittsville,Stittsville (ON),"Salary: $75,000.00 to $130,000.00 annually",9306947842,https://ca.indeed.com/viewjob?jk=8e36d82d3ec09573&sid=cajb&kw=cajb,"{'Language Requirement': 'Not specified', 'Experience Requirement': 'Not specified', 'Benefits': []}","Stittsville , ON","$ 75,000 to $ 130,000 YEAR annually",Permanent employment Full time,Starts as soon as possible,1 vacancy,indeed.com #9306947842,Not specified
15,physiotherapist,,"June 06, 2024",Not specified,"June 06, 2024",Luccisano Physiotherapy and Associates,Woodbridge (ON),Salary: $35.00 to $45.00 hourly,9312270446,https://ca.indeed.com/viewjob?jk=a85cf214111b8d7a&sid=cajb&kw=cajb,"{'Language Requirement': 'Not specified', 'Experience Requirement': 'Not specified', 'Benefits': []}","Woodbridge , ON",$ 35.00 to $ 45.00 HOUR hourly,Part time,Starts as soon as possible,1 vacancy,indeed.com #9312270446,Not specified
16,physiotherapist,,"June 06, 2024",Not specified,"June 06, 2024",Insideout Health & Fitness,East York (ON),"Salary: $3,000.00 to $5,000.00 monthly",9312233664,https://ca.indeed.com/viewjob?jk=339cef7adb58b138&sid=cajb&kw=cajb,"{'Language Requirement': 'Not specified', 'Experience Requirement': 'Not specified', 'Benefits': []}","East York , ON","$ 3,000 to $ 5,000 MONTH monthly",Full time,Starts as soon as possible,1 vacancy,indeed.com #9312233664,Not specified
17,physiotherapist,,"June 11, 2024",Not specified,"June 11, 2024",Spark & Sound Health,Scarborough (ON),Salary: $50.00 to $55.00 hourly,9318745611,https://ca.indeed.com/viewjob?jk=dca746ba5c365314&sid=cajb&kw=cajb,"{'Language Requirement': 'Not specified', 'Experience Requirement': 'Not specified', 'Benefits': []}","Scarborough , ON",$ 50.00 to $ 55.00 HOUR hourly,Permanent employment Full time,Starts as soon as possible,1 vacancy,indeed.com #9318745611,Not specified
18,registered physiotherapist,,"June 08, 2024",Not specified,"June 08, 2024",Physio Connect,Mississauga (ON),Salary: $50.00 to $70.00 hourly,9315106256,https://ca.indeed.com/viewjob?jk=6cb629551c96b756&sid=cajb&kw=cajb,"{'Language Requirement': 'Not specified', 'Experience Requirement': 'Not specified', 'Benefits': []}","Mississauga , ON",$ 50.00 to $ 70.00 HOUR hourly,Permanent employment Part time,Starts as soon as possible,1 vacancy,indeed.com #9315106256,Not specified
19,physiotherapist,Title posted on indeed.com -Pelvic Physiotherapist,"June 06, 2024",Not specified,"June 06, 2024",Aim Rehabilitation Centre,Hamilton (ON),Salary: $60.00 to $120.00 hourly,9312072376,https://ca.indeed.com/viewjob?jk=8e9933a8ed285f75&sid=cajb&kw=cajb,"{'Language Requirement': 'Not specified', 'Experience Requirement': 'Not specified', 'Benefits': []}","Hamilton , ON",$ 60.00 to $ 120.00 HOUR hourly,Permanent employment Full time,Starts as soon as possible,1 vacancy,indeed.com #9312072376,Not specified
20,registered physiotherapist,,"June 12, 2024",Not specified,"June 12, 2024",Physiomed Milton,Milton (ON),Salary: $38.00 to $50.00 hourly,9319953966,https://ca.indeed.com/viewjob?jk=b4943a621d8a0e2a&sid=cajb&kw=cajb,"{'Language Requirement': 'Not specified', 'Experience Requirement': 'Not specified', 'Benefits': []}","Milton , ON",$ 38.00 to $ 50.00 HOUR hourly,Permanent employment Part time,Starts as soon as possible,1 vacancy,indeed.com #9319953966,Not specified
21,physiotherapist,Title posted on Monster -Physiotherapist 1 - Long Term Care,"June 12, 2024",2024-07-13,"June 12, 2024",Vancouver Coastal Health,Richmond (BC),Salary not available,f47f41a9313540d28e6eae930ced1b65,https://job-openings.monster.ca/physiotherapist-1-long-term-care-richmond-bc-ca-vancouver-coastal-health/55cfbc7d-cebb-46e1-8bf2-8089b4c72efd?mescoid=2900488001001,"{'Language Requirement': 'Not specified', 'Experience Requirement': 'Not specified', 'Benefits': []}","Richmond , BC",Not available,Not specified,Starts as soon as possible,1 vacancy,Monster #f47f41a9313540d28e6eae930ced1b65,Not specified
22,physiotherapist,Title posted on Monster -Physiotherapist 1 - Hospitalist Medicine,"June 12, 2024",2024-07-13,"June 12, 2024",Vancouver Coastal Health,Vancouver (BC),Salary not available,1777144be1b347958db961254a3e2a01,https://job-openings.monster.ca/physiotherapist-1-hospitalist-medicine-vancouver-bc-ca-vancouver-coastal-health/b0f5863c-ccd2-4d69-9d74-3bfdc7e2d926?mescoid=2900488001001,"{'Language Requirement': 'Not specified', 'Experience Requirement': 'Not specified', 'Benefits': []}","Vancouver , BC",Not available,Not specified,Starts as soon as possible,1 vacancy,Monster #1777144be1b347958db961254a3e2a01,Not specified
23,physiotherapist,,"June 02, 2024",Not specified,"June 02, 2024",Headon Physiotherapy,Burlington (ON),Salary: $37.50 to $97.50 hourly,9305152002,https://ca.indeed.com/viewjob?jk=5e6d7568679d1fde&sid=cajb&kw=cajb,"{'Language Requirement': 'Not specified', 'Experience Requirement': 'Not specified', 'Benefits': []}","Burlington , ON",$ 37.50 to $ 97.50 HOUR hourly,Part time,Starts as soon as possible,1 vacancy,indeed.com #9305152002,Not specified
24,registered physiotherapist,,"June 13, 2024",Not specified,"June 13, 2024",R3 Physiotherapy and Wellness,Burlington (ON),Salary: $45.00 to $47.00 hourly,9322002102,https://ca.indeed.com/viewjob?jk=24e054660fa6c6ec&sid=cajb&kw=cajb,"{'Language Requirement': 'Not specified', 'Experience Requirement': 'Not specified', 'Benefits': []}","Burlington , ON",$ 45.00 to $ 47.00 HOUR hourly,Part time,Starts as soon as possible,1 vacancy,indeed.com #9322002102,Not specified
25,physiotherapist,Title posted on Monster -Physiotherapists,"May 17, 2024",2024-06-18,"May 17, 2024",JP Recruiting Agency,Brampton (ON),Salary not available,63uqrdnk7t5ee6czj1ddghrjyo,https://job-openings.monster.ca/physiotherapists-brampton-on-ca-jp-recruiting-agency/2854cd6b-efe1-4422-9297-f8c02c1bb577?mescoid=2900488001001,"{'Language Requirement': 'Not specified', 'Experience Requirement': 'Not specified', 'Benefits': []}","Brampton , ON",Not available,Permanent employment Full time,Starts as soon as possible,1 vacancy,Monster #63uqrdnk7t5ee6czj1ddghrjyo,Not specified
26,physiotherapist,Title posted on indeed.com -Salaried Full-time Physiotherapist Ottawa,"June 03, 2024",Not specified,"June 03, 2024",Motion Works Physiotherapy Stittsville,Stittsville (ON),"Salary: $75,000.00 to $130,000.00 annually",9306946832,https://ca.indeed.com/viewjob?jk=981aa62158239ddc&sid=cajb&kw=cajb,"{'Language Requirement': 'Not specified', 'Experience Requirement': 'Not specified', 'Benefits': []}","Stittsville , ON","$ 75,000 to $ 130,000 YEAR annually",Permanent employment Full time,Starts as soon as possible,1 vacancy,indeed.com #9306946832,Not specified
27,physiotherapist,Title posted on Monster -Physiotherapists,"May 18, 2024",2024-06-18,"May 18, 2024",Highspeed Staffing,Brampton (ON),Salary not available,1755653,https://job-openings.monster.ca/physiotherapists-brampton-on-ca-highspeed-staffing/f36e0b92-d26e-49c3-9ab0-62b71c4c9e96?mescoid=2900488001001,"{'Language Requirement': 'Not specified', 'Experience Requirement': 'Not specified', 'Benefits': []}","Brampton , ON",Not available,Term or contract Part time,Starts as soon as possible,1 vacancy,Monster #1755653,Not specified
28,physiotherapist,Title posted on Monster -Physiotherapist 1 - Casual Pool,"May 20, 2024",2024-06-20,"May 20, 2024",Vancouver Coastal Health,North Vancouver (BC),Salary not available,68d77d1a598e4d6197982e714d4ed240,https://job-openings.monster.ca/physiotherapist-1-casual-pool-north-vancouver-bc-ca-vancouver-coastal-health/3333db18-ee61-426c-a36f-82721cadfe09?mescoid=2900488001001,"{'Language Requirement': 'Not specified', 'Experience Requirement': 'Not specified', 'Benefits': []}","North Vancouver , BC",Not available,Casual employment,Starts as soon as possible,1 vacancy,Monster #68d77d1a598e4d6197982e714d4ed240,Not specified
29,physiotherapist,Title posted on Monster -Physiotherapist 1 - Richmond,"May 29, 2024",2024-06-29,"May 29, 2024",Vancouver Coastal Health,Richmond (BC),Salary not available,f5d9137491c242448a3d851357393611,https://job-openings.monster.ca/physiotherapist-1-richmond-richmond-bc-ca-vancouver-coastal-health/2ea05a3c-053b-4e0c-8b27-f0e10a4e7529?mescoid=2900488001001,"{'Language Requirement': 'Not specified', 'Experience Requirement': 'Not specified', 'Benefits': []}","Richmond , BC",Not available,Not specified,Starts as soon as possible,1 vacancy,Monster #f5d9137491c242448a3d851357393611,Not specified
30,physiotherapist,Title posted on Monster -Physiotherapist 1 - Richmond,"May 29, 2024",2024-06-29,"May 29, 2024",Vancouver Coastal Health,Richmond (BC),Salary not available,c96fb988e7c7418088b0c2cdcde65412,https://job-openings.monster.ca/physiotherapist-1-richmond-richmond-bc-ca-vancouver-coastal-health/56195dce-b78a-4821-8aa0-88144713d418?mescoid=2900488001001,"{'Language Requirement': 'Not specified', 'Experience Requirement': 'Not specified', 'Benefits': []}","Richmond , BC",Not available,Not specified,Starts as soon as possible,1 vacancy,Monster #c96fb988e7c7418088b0c2cdcde65412,Not specified
31,physiotherapist,Title posted on indeed.com -Pelvic Physiotherapist,"June 04, 2024",Not specified,"June 04, 2024",Vitality Pelvic Physio,London (ON),Salary not available,9308542424,https://ca.indeed.com/viewjob?jk=d2e75ed55eef24fe&sid=cajb&kw=cajb,"{'Language Requirement': 'Not specified', 'Experience Requirement': 'Not specified', 'Benefits': []}","London , ON",Not available,Permanent employment,Starts as soon as possible,1 vacancy,indeed.com #9308542424,Not specified
32,physiotherapist,Title posted on indeed.com -Physiotherapist (PT),"June 04, 2024",Not specified,"June 04, 2024",FunctionAbility Rehabilitation Services,Toronto (ON),Salary not available,9308498972,https://ca.indeed.com/viewjob?jk=5ab00981aee694e4&sid=cajb&kw=cajb,"{'Language Requirement': 'Not specified', 'Experience Requirement': 'Not specified', 'Benefits': []}","Toronto , ON",Not available,Permanent employment Full time,Starts as soon as possible,1 vacancy,indeed.com #9308498972,Not specified
33,physiotherapist,Title posted on indeed.com -Physiotherapist (PT),"June 04, 2024",Not specified,"June 04, 2024",FunctionAbility Rehabilitation Services,Location,Salary not available,9308400660,https://ca.indeed.com/viewjob?jk=168b584b340a48d7&sid=cajb&kw=cajb,"{'Language Requirement': 'Not specified', 'Experience Requirement': 'Not specified', 'Benefits': []}",Durham Region,Not available,Permanent employment Full time,Starts as soon as possible,1 vacancy,indeed.com #9308400660,Not specified
34,physiotherapist,Title posted on indeed.com -Full-Time Physiotherapist,"June 03, 2024",Not specified,"June 03, 2024",Hanover and District Hospital,Hanover (ON),Salary: $40.33 to $56.30 hourly,9307042825,https://ca.indeed.com/viewjob?jk=593196d95bccbb6d&sid=cajb&kw=cajb,"{'Language Requirement': 'Not specified', 'Experience Requirement': 'Not specified', 'Benefits': []}","Hanover , ON",$ 40.33 to $ 56.30 HOUR hourly,Permanent employment Full time,Starts as soon as possible,1 vacancy,indeed.com #9307042825,Not specified
35,physiotherapist,Title posted on indeed.com -Part-Time Physiotherapist,"June 03, 2024",Not specified,"June 03, 2024",Hanover and District Hospital,Hanover (ON),Salary: $40.33 to $56.30 hourly,9307049044,https://ca.indeed.com/viewjob?jk=6744df9502ebe7e0&sid=cajb&kw=cajb,"{'Language Requirement': 'Not specified', 'Experience Requirement': 'Not specified', 'Benefits': []}","Hanover , ON",$ 40.33 to $ 56.30 HOUR hourly,Permanent employment Part time,Starts as soon as possible,1 vacancy,indeed.com #9307049044,Not specified
36,registered physiotherapist,Title posted on indeed.com -Registered Physiotherapist Part-Time,"June 10, 2024",Not specified,"June 10, 2024",Grant Physiotherapy,Bowmanville (ON),Salary: $45.00 to $55.00 hourly,9316917966,https://ca.indeed.com/viewjob?jk=ab7b270e37bac868&sid=cajb&kw=cajb,"{'Language Requirement': 'Not specified', 'Experience Requirement': 'Not specified', 'Benefits': []}","Bowmanville , ON",$ 45.00 to $ 55.00 HOUR hourly,Part time,Starts as soon as possible,1 vacancy,indeed.com #9316917966,Not specified
37,physiotherapist,Title posted on Monster -Advanced Practice Physiotherapist - Musculoskeletal Clinic,"June 05, 2024",2024-07-06,"June 05, 2024",Vancouver Coastal Health,Vancouver (BC),Salary not available,158a1e30b123408782e4867951ced980,https://job-openings.monster.ca/advanced-practice-physiotherapist-musculoskeletal-clinic-vancouver-bc-ca-vancouver-coastal-health/001553c5-d944-4b59-9b26-6a4d1fd863c1?mescoid=2900488001001,"{'Language Requirement': 'Not specified', 'Experience Requirement': 'Not specified', 'Benefits': []}","Vancouver , BC",Not available,Not specified,Starts as soon as possible,1 vacancy,Monster #158a1e30b123408782e4867951ced980,Not specified
38,physiotherapist,"Title posted on Monster -PHYSIOTHERAPIST | Hensall, Ontario | Long-Term Care","June 07, 2024",2024-07-08,"June 07, 2024",Back in Motion Rehab,Hensall (ON),Salary not available,m8StzwJYBb,https://job-openings.monster.ca/physiotherapist-hensall-ontario-long-term-care-hensall-on-ca-back-in-motion-rehab/aa494b4a-3e07-4dc7-894e-32c55f2e744a?mescoid=2900488001001,"{'Language Requirement': 'Not specified', 'Experience Requirement': 'Not specified', 'Benefits': []}","Hensall , ON",Not available,Not specified,Starts as soon as possible,1 vacancy,Monster #m8StzwJYBb,Not specified
39,physiotherapist,Title posted on Monster -Physiotherapist 1 - Complex Activation Medicine Unit (CAMU),"May 27, 2024",2024-06-27,"May 27, 2024",Vancouver Coastal Health,Vancouver (BC),Salary not available,d4d4b776343743bcaf3c2908d5e30155,https://job-openings.monster.ca/physiotherapist-1-complex-activation-medicine-unit-camu-vancouver-bc-ca-vancouver-coastal-health/7d99add2-5931-475e-bc76-42a67ba4cb61?mescoid=2900488001001,"{'Language Requirement': 'Not specified', 'Experience Requirement': 'Not specified', 'Benefits': []}","Vancouver , BC",Not available,Not specified,Starts as soon as possible,1 vacancy,Monster #d4d4b776343743bcaf3c2908d5e30155,Not specified
40,physiotherapist,Title posted on Monster -Physiotherapist 1 - Complex Activation Medicine Unit (CAMU),"May 27, 2024",2024-06-27,"May 27, 2024",Vancouver Coastal Health,Vancouver (BC),Salary not available,9ef8bd3046d04daf8edb6f7d80678208,https://job-openings.monster.ca/physiotherapist-1-complex-activation-medicine-unit-camu-vancouver-bc-ca-vancouver-coastal-health/c334564e-a7d9-493d-8f8b-52abb8a9a404?mescoid=2900488001001,"{'Language Requirement': 'Not specified', 'Experience Requirement': 'Not specified', 'Benefits': []}","Vancouver , BC",Not available,Not specified,Starts as soon as possible,1 vacancy,Monster #9ef8bd3046d04daf8edb6f7d80678208,Not specified
41,physiotherapist,Title posted on indeed.com -Physiotherapist - Full or Part Time,"June 11, 2024",Not specified,"June 11, 2024",Peach Physiotherapy and Wellness Centre,Chatham-Kent (ON),"Salary: $85,000.00 to $125,000.00 annually",9319062658,https://ca.indeed.com/viewjob?jk=f8041e0c5f77e845&sid=cajb&kw=cajb,"{'Language Requirement': 'Not specified', 'Experience Requirement': 'Not specified', 'Benefits': []}","Chatham-Kent , ON","$ 85,000 to $ 125,000 YEAR annually",Permanent employment Part time,Starts as soon as possible,1 vacancy,indeed.com #9319062658,Not specified
42,physiotherapist,"Title posted on Monster -Physiotherapist Physical Therapist Victoria, British Columbia $150K","May 30, 2024",2024-06-30,"May 30, 2024",woodside health and wellness,Location,Salary not available,687507000003274082,https://job-openings.monster.ca/physiotherapist-physical-therapist-victoria-british-columbia-150k-victoria-central-british-columbia-provincial-government-bc-ca-woodside-health-wellness/c2257d4c-6597-4c5e-b5b2-41b9bf5f21ff?mescoid=2900488001001,"{'Language Requirement': 'Not specified', 'Experience Requirement': 'Not specified', 'Benefits': []}",Victoria Central British Columbia Provincial Government,Not available,Permanent employment Full time,Starts as soon as possible,1 vacancy,Monster #687507000003274082,Not specified
43,registered physiotherapist,Title posted on indeed.com -Registered Physiotherapist | CARESPACE Fischer-Hallman,"June 04, 2024",Not specified,"June 04, 2024",CARESPACE Health+Wellness,Kitchener (ON),"Salary: $68,268.00 to $101,394.00 annually",9308742325,https://ca.indeed.com/viewjob?jk=d3b6034a12330c3b&sid=cajb&kw=cajb,"{'Language Requirement': 'Not specified', 'Experience Requirement': 'Not specified', 'Benefits': []}","Kitchener , ON","$ 68,268 to $ 101,394 YEAR annually",Permanent employment Full time,Starts as soon as possible,1 vacancy,indeed.com #9308742325,Not specified
44,registered physiotherapist,Title posted on indeed.com -Registered Physiotherapist | CARESPACE Uptown Waterloo,"June 06, 2024",Not specified,"June 06, 2024",CARESPACE Health+Wellness,Waterloo (ON),"Salary: $68,268.00 to $101,394.00 annually",9312664605,https://ca.indeed.com/viewjob?jk=32825189547fef4a&sid=cajb&kw=cajb,"{'Language Requirement': 'Not specified', 'Experience Requirement': 'Not specified', 'Benefits': []}","Waterloo , ON","$ 68,268 to $ 101,394 YEAR annually",Permanent employment Full time,Starts as soon as possible,1 vacancy,indeed.com #9312664605,Not specified
45,physiotherapist,Title posted on indeed.com -Physiotherapist - Full Time,"June 03, 2024",Not specified,"June 03, 2024",Step Forward Physiotherapy,Uxbridge (ON),Salary not available,9306588547,https://ca.indeed.com/viewjob?jk=d19105b79d9492c7&sid=cajb&kw=cajb,"{'Language Requirement': 'Not specified', 'Experience Requirement': 'Not specified', 'Benefits': []}","Uxbridge , ON",Not available,Permanent employment Full time,Starts as soon as possible,1 vacancy,indeed.com #9306588547,Not specified
46,physiotherapist,Title posted on Monster -Physiotherapist Opportunities,"June 07, 2024",2024-07-07,"June 07, 2024",Lake of the Woods District Hospital,Kenora (ON),Salary not available,207016,https://job-openings.monster.ca/physiotherapist-opportunities-kenora-on-ca-lake-of-the-woods-district-hospital/6a58f280-624a-41f8-90a0-c37fd96f8ed1?mescoid=2900488001001,"{'Language Requirement': 'Not specified', 'Experience Requirement': 'Not specified', 'Benefits': []}","Kenora , ON",Not available,Permanent employment Part time,Starts as soon as possible,1 vacancy,Monster #207016,Not specified
47,registered physiotherapist,Title posted on indeed.com -Registered Physiotherapist part -time,"May 24, 2024",Not specified,"May 24, 2024",Greenboro Physiotherapy and Massage Clinic,Ottawa (ON),Salary: $40.00 to $50.00 hourly,9293452242,https://ca.indeed.com/viewjob?jk=9e279459c85366e7&sid=cajb&kw=cajb,"{'Language Requirement': 'Not specified', 'Experience Requirement': 'Not specified', 'Benefits': []}","Ottawa , ON",$ 40.00 to $ 50.00 HOUR hourly,Part time,Starts as soon as possible,1 vacancy,indeed.com #9293452242,Not specified
48,physiotherapist,Title posted on Monster -Registered Physiotherapist,"June 02, 2024",2024-07-03,"June 02, 2024",HealthOne,Toronto (ON),Salary not available,2ee84214-1726-f643-eb4a-c9146a95e966,https://job-openings.monster.ca/registered-physiotherapist-toronto-on-ca-healthone/a740f28a-cf7a-4c43-8a54-46ab6f9f037a?mescoid=2900488001001,"{'Language Requirement': 'Not specified', 'Experience Requirement': 'Not specified', 'Benefits': []}","Toronto , ON",Not available,Not specified,Starts as soon as possible,1 vacancy,Monster #2ee84214-1726-f643-eb4a-c9146a95e966,Not specified
49,physiotherapist,Title posted on CareerBeacon -Physiotherapist 1,"June 09, 2024",2024-07-09,"June 09, 2024",New Brunswick Extra-Mural (EMP)-Programme extra-mural (PEM) du Nouveau-Brunswick,Bathurst (NB),Salary not available,1941157,https://www.careerbeacon.com/en/job/1941157/new-brunswick-extra-mural-emp-programme-extra-mural-pem-du-nouveau-brunswick/physiotherapist-1/bathurst?utm_campaign=feeds&utm_source=jobbank&utm_medium=Careerbeacon,"{'Language Requirement': 'Not specified', 'Experience Requirement': 'Not specified', 'Benefits': []}","Bathurst , NB",Not available,Full time,Starts as soon as possible,1 vacancy,CareerBeacon #1941157,Not specified
50,physiotherapist,Title posted on CareerBeacon -Physiotherapist 1,"June 09, 2024",2024-07-09,"June 09, 2024",New Brunswick Extra-Mural (EMP)-Programme extra-mural (PEM) du Nouveau-Brunswick,Saint John (NB),Salary not available,1999010,https://www.careerbeacon.com/en/job/1999010/new-brunswick-extra-mural-emp-programme-extra-mural-pem-du-nouveau-brunswick/physiotherapist-1/saint-john?utm_campaign=feeds&utm_source=jobbank&utm_medium=Careerbeacon,"{'Language Requirement': 'Not specified', 'Experience Requirement': 'Not specified', 'Benefits': []}","Saint John , NB",Not available,Part time,Starts as soon as possible,1 vacancy,CareerBeacon #1999010,Not specified
51,physiotherapist,Title posted on CareerBeacon -Physiotherapist 1,"June 09, 2024",2024-07-09,"June 09, 2024",New Brunswick Extra-Mural (EMP)-Programme extra-mural (PEM) du Nouveau-Brunswick,Dalhousie (NB),Salary not available,1945751,https://www.careerbeacon.com/en/job/1945751/new-brunswick-extra-mural-emp-programme-extra-mural-pem-du-nouveau-brunswick/physiotherapist-1/dalhousie?utm_campaign=feeds&utm_source=jobbank&utm_medium=Careerbeacon,"{'Language Requirement': 'Not specified', 'Experience Requirement': 'Not specified', 'Benefits': []}","Dalhousie , NB",Not available,Full time,Starts as soon as possible,1 vacancy,CareerBeacon #1945751,Not specified
52,physiotherapist,Title posted on CareerBeacon -Physiotherapist 1,"June 09, 2024",2024-07-09,"June 09, 2024",New Brunswick Extra-Mural (EMP)-Programme extra-mural (PEM) du Nouveau-Brunswick,Miramichi (NB),Salary not available,1994159,https://www.careerbeacon.com/en/job/1994159/new-brunswick-extra-mural-emp-programme-extra-mural-pem-du-nouveau-brunswick/physiotherapist-1/miramichi?utm_campaign=feeds&utm_source=jobbank&utm_medium=Careerbeacon,"{'Language Requirement': 'Not specified', 'Experience Requirement': 'Not specified', 'Benefits': []}","Miramichi , NB",Not available,Full time,Starts as soon as possible,1 vacancy,CareerBeacon #1994159,Not specified
53,physiotherapist,Title posted on CareerBeacon -Physiotherapist 1,"June 09, 2024",2024-07-09,"June 09, 2024",New Brunswick Extra-Mural (EMP)-Programme extra-mural (PEM) du Nouveau-Brunswick,Grand Falls (NB),Salary not available,1999009,https://www.careerbeacon.com/en/job/1999009/new-brunswick-extra-mural-emp-programme-extra-mural-pem-du-nouveau-brunswick/physiotherapist-1/grand-falls?utm_campaign=feeds&utm_source=jobbank&utm_medium=Careerbeacon,"{'Language Requirement': 'Not specified', 'Experience Requirement': 'Not specified', 'Benefits': []}","Grand Falls , NB",Not available,Full time,Starts as soon as possible,1 vacancy,CareerBeacon #1999009,Not specified
54,physiotherapist,Title posted on CareerBeacon -Physiotherapist 1,"June 09, 2024",2024-07-09,"June 09, 2024",New Brunswick Extra-Mural (EMP)-Programme extra-mural (PEM) du Nouveau-Brunswick,Grand Falls (NB),Salary not available,1999008,https://www.careerbeacon.com/en/job/1999008/new-brunswick-extra-mural-emp-programme-extra-mural-pem-du-nouveau-brunswick/physiotherapist-1/grand-falls?utm_campaign=feeds&utm_source=jobbank&utm_medium=Careerbeacon,"{'Language Requirement': 'Not specified', 'Experience Requirement': 'Not specified', 'Benefits': []}","Grand Falls , NB",Not available,Full time,Starts as soon as possible,1 vacancy,CareerBeacon #1999008,Not specified
55,physiotherapist,Title posted on CareerBeacon -Physiotherapist 1,"June 07, 2024",2024-07-07,"June 07, 2024",New Brunswick Extra-Mural (EMP)-Programme extra-mural (PEM) du Nouveau-Brunswick,Moncton (NB),Salary not available,2072110,https://www.careerbeacon.com/en/job/2072110/new-brunswick-extra-mural-emp-programme-extra-mural-pem-du-nouveau-brunswick/physiotherapist-1/moncton?utm_campaign=feeds&utm_source=jobbank&utm_medium=Careerbeacon,"{'Language Requirement': 'Not specified', 'Experience Requirement': 'Not specified', 'Benefits': []}","Moncton , NB",Not available,Full time,Starts as soon as possible,1 vacancy,CareerBeacon #2072110,Not specified
56,registered physiotherapist,Title posted on CareerBeacon -Physiotherapist - Full Time   Permanent,"May 31, 2024",2024-06-30,"May 31, 2024",Northside Community Guest Home,North Sydney (NS),Salary not available,1898092,https://www.careerbeacon.com/en/job/1898092/northside-community-guest-home/physiotherapist-full-time-permanent/north-sydney?utm_campaign=feeds&utm_source=jobbank&utm_medium=Careerbeacon,"{'Language Requirement': 'Not specified', 'Experience Requirement': 'Not specified', 'Benefits': []}","North Sydney , NS",Not available,Permanent employment Full time,Starts as soon as possible,1 vacancy,CareerBeacon #1898092,Not specified
57,physiotherapist,Title posted on CareerBeacon -Moncton Physiotherapist 1 (PT01) PCN 117,"May 30, 2024",2024-06-29,"May 30, 2024",Horizon Health Network,Moncton (NB),Salary: $35.47 hourly,181113,https://www.careerbeacon.com/en/job/2064882/horizon-health-network/moncton-physiotherapist-1-pt01-pcn-1002117/moncton?utm_campaign=feeds&utm_source=jobbank&utm_medium=Careerbeacon,"{'Language Requirement': 'Not specified', 'Experience Requirement': 'Not specified', 'Benefits': []}","Moncton , NB",$ 35.47 HOUR hourly,Not available,Starts as soon as possible,Not specified,CareerBeacon #181113,Not specified
58,physiotherapist,Title posted on CareerBeacon -Physiotherapist 1,"June 09, 2024",2024-07-09,"June 09, 2024",New Brunswick Extra-Mural (EMP)-Programme extra-mural (PEM) du Nouveau-Brunswick,St. Stephen (NB),Salary not available,1944174,https://www.careerbeacon.com/en/job/1944174/new-brunswick-extra-mural-emp-programme-extra-mural-pem-du-nouveau-brunswick/physiotherapist-1/st-stephen?utm_campaign=feeds&utm_source=jobbank&utm_medium=Careerbeacon,"{'Language Requirement': 'Not specified', 'Experience Requirement': 'Not specified', 'Benefits': []}","St. Stephen , NB",Not available,Part time,Starts as soon as possible,1 vacancy,CareerBeacon #1944174,Not specified
59,physiotherapist,Title posted on CareerBeacon -Physiotherapist 1,"June 09, 2024",2024-07-09,"June 09, 2024",New Brunswick Extra-Mural (EMP)-Programme extra-mural (PEM) du Nouveau-Brunswick,Edmundston (NB),Salary not available,1961610,https://www.careerbeacon.com/en/job/1961610/new-brunswick-extra-mural-emp-programme-extra-mural-pem-du-nouveau-brunswick/physiotherapist-1/edmundston?utm_campaign=feeds&utm_source=jobbank&utm_medium=Careerbeacon,"{'Language Requirement': 'Not specified', 'Experience Requirement': 'Not specified', 'Benefits': []}","Edmundston , NB",Not available,Full time,Starts as soon as possible,1 vacancy,CareerBeacon #1961610,Not specified
60,physiotherapist,Title posted on Jobillico -Physiotherapist Occupational Therapist - Temporary Term Opportunities -,"May 31, 2024",2024-06-29,"May 31, 2024",York Region District School Board,Newmarket (ON),Salary not available,13711155,https://www.jobillico.com/en/job-offer/york-region-district-school-boardkueqkk/physiotherapist-occupational-therapist-temporary-term-opportunities-2023-2024/13711155?ji_visitsrc=136,"{'Language Requirement': 'Not specified', 'Experience Requirement': 'Not specified', 'Benefits': []}","Newmarket , ON",Not available,Term or contract Full time,Starts as soon as possible,1 vacancy,Jobillico #13711155,Not specified
61,physiotherapist,Title posted on Monster -Physiotherapist - Vista Park Lodge,"June 03, 2024",2024-07-04,"June 03, 2024",Extendicare,Winnipeg (MB),Salary not available,274285793,https://job-openings.monster.ca/physiotherapist-vista-park-lodge-winnipeg-mb-ca-extendicare/274285793?mescoid=2900488001001&mstr_dist=true,"{'Language Requirement': 'Not specified', 'Experience Requirement': 'Not specified', 'Benefits': []}","Winnipeg , MB",Not available,Not specified,Starts as soon as possible,1 vacancy,Monster #274285793,Not specified
62,physiotherapist,Title posted on indeed.com -Physiotherapist (Part-time or Full-time),"May 22, 2024",Not specified,"May 22, 2024",Foundation Physiotherapy & Wellness,Toronto (ON),"Salary: $85,000.00 to $120,000.00 annually",9309294106,https://ca.indeed.com/viewjob?jk=6b3e0e51ef445338&sid=cajb&kw=cajb,"{'Language Requirement': 'Not specified', 'Experience Requirement': 'Not specified', 'Benefits': []}","Toronto , ON","$ 85,000 to $ 120,000 YEAR annually",Full time,Starts as soon as possible,1 vacancy,indeed.com #9309294106,Not specified
63,clinical physiotherapist,Title posted on CareerBeacon -Clinical Physiotherapist I,"May 19, 2024",2024-06-18,"May 19, 2024",NL Health Services,Corner Brook (NL),Salary not available,1916849,https://www.careerbeacon.com/en/job/1916849/nl-health-services/clinical-physiotherapist-i/corner-brook?utm_campaign=feeds&utm_source=jobbank&utm_medium=Careerbeacon,"{'Language Requirement': 'Not specified', 'Experience Requirement': 'Not specified', 'Benefits': []}","Corner Brook , NL",Not available,Term or contract,Starts as soon as possible,1 vacancy,CareerBeacon #1916849,Not specified
64,physiotherapist,Title posted on ZipRecruiter -Registered Physiotherapist,"May 29, 2024",2024-06-26,"May 29, 2024",Mavis Eglinton Physiotherapy,Mississauga (ON),Salary: $47.82 hourly,d3f19ffb,https://www.ziprecruiter.com/k/t/AAKyBKmw0yo8M3yuFZIQZ2yKxVJgNWGPW9YJ65Td3WRw_2Os6ASfrNRREiTUiUdlubuNkuFOuuOkHIgQFXfeOMrE04jpMUZN5nbnif1tGBUfSuP_pgb8j9GtFaS4jO7WMD4OxThwR3Los3Htd6L1B-rzxesc5zn6j11z5GoC7yVGFXyaoES_GA1J_UVLoOdCxQ0CW84VXdRddvvnByTW3CqHNqEJo4iGH3cp_gPVUFLa3ct4r4LtfNNY-0brQPLx_e4TF-TWqtWzYA-5B7YZqPN9pNZqx6jW4MAqvdjwDzkIdV3o1_a-kMQ1_fGnMpzHM9Sr9RNTgQ,"{'Language Requirement': 'Not specified', 'Experience Requirement': 'Not specified', 'Benefits': []}","Mississauga , ON",$ 47.82 HOUR hourly,Part time,Starts as soon as possible,1 vacancy,ZipRecruiter #d3f19ffb,Not specified
65,physiotherapist,Title posted on indeed.com -Physiotherapist (Full time or Part time),"June 10, 2024",Not specified,"June 10, 2024",Anatomy Physiotherapy Clinic,Orleans East (ON),"Salary: $80,000.00 to $110,000.00 annually",9317139727,https://ca.indeed.com/viewjob?jk=15bfbf222a443b23&sid=cajb&kw=cajb,"{'Language Requirement': 'Not specified', 'Experience Requirement': 'Not specified', 'Benefits': []}","Orleans East , ON","$ 80,000 to $ 110,000 YEAR annually",Full time,Starts as soon as possible,1 vacancy,indeed.com #9317139727,Not specified
66,physiotherapist,Title posted on indeed.com -Physiotherapist (Full time or Part time),"June 10, 2024",Not specified,"June 10, 2024",Anatomy Physiotherapy Clinic,Ottawa (ON),"Salary: $80,000.00 to $110,000.00 annually",9317146385,https://ca.indeed.com/viewjob?jk=3d11c922830a8694&sid=cajb&kw=cajb,"{'Language Requirement': 'Not specified', 'Experience Requirement': 'Not specified', 'Benefits': []}","Ottawa , ON","$ 80,000 to $ 110,000 YEAR annually",Full time,Starts as soon as possible,1 vacancy,indeed.com #9317146385,Not specified
67,physiotherapist,Title posted on CareerBeacon -Physiotherapist 1,"May 24, 2024",2024-07-14,"May 24, 2024",New Brunswick Extra-Mural (EMP)-Programme extra-mural (PEM) du Nouveau-Brunswick,Grand Falls (NB),Salary not available,2059379,https://www.careerbeacon.com/en/job/2059379/new-brunswick-extra-mural-emp-programme-extra-mural-pem-du-nouveau-brunswick/physiotherapist-1/grand-falls?utm_campaign=feeds&utm_source=jobbank&utm_medium=Careerbeacon,"{'Language Requirement': 'Not specified', 'Experience Requirement': 'Not specified', 'Benefits': []}","Grand Falls , NB",Not available,Casual employment,Starts as soon as possible,1 vacancy,CareerBeacon #2059379,Not specified
68,physiotherapist,Title posted on CareerBeacon -Physiotherapist 1,"May 24, 2024",2024-07-14,"May 24, 2024",New Brunswick Extra-Mural (EMP)-Programme extra-mural (PEM) du Nouveau-Brunswick,Fredericton (NB),Salary not available,2059378,https://www.careerbeacon.com/en/job/2059378/new-brunswick-extra-mural-emp-programme-extra-mural-pem-du-nouveau-brunswick/physiotherapist-1/fredericton?utm_campaign=feeds&utm_source=jobbank&utm_medium=Careerbeacon,"{'Language Requirement': 'Not specified', 'Experience Requirement': 'Not specified', 'Benefits': []}","Fredericton , NB",Not available,Full time,Starts as soon as possible,1 vacancy,CareerBeacon #2059378,Not specified
69,physiotherapist,Title posted on Monster -Physiotherapist (Independent Contractor),"May 24, 2024",2024-06-24,"May 24, 2024",Envol,Langley (BC),Salary not available,JV34ZExo52,https://job-openings.monster.ca/physiotherapist-independent-contractor-langley-bc-ca-envol/412fb00e-5980-4f09-924e-cf040fefd7d6?mescoid=2900488001001,"{'Language Requirement': 'Not specified', 'Experience Requirement': 'Not specified', 'Benefits': []}","Langley , BC",Not available,Not specified,Starts as soon as possible,1 vacancy,Monster #JV34ZExo52,Not specified
70,registered physiotherapist,Title posted on CareerBeacon -Physiotherapist,"May 26, 2024",2024-06-25,"May 26, 2024",Vitalit√© Health Network,Bathurst (NB),Salary: $35.47 hourly,98377,https://www.careerbeacon.com/en/job/1647756/vitalite-health-network/physiotherapist/bathurst?utm_campaign=feeds&utm_source=jobbank&utm_medium=Careerbeacon,"{'Language Requirement': 'Not specified', 'Experience Requirement': 'Not specified', 'Benefits': []}","Bathurst , NB",$ 35.47 HOUR hourly,Casual employment,Starts as soon as possible,Not specified,CareerBeacon #98377,Not specified
71,physiotherapist,Title posted on indeed.com -Physiotherapist (Downtown Toronto),"June 05, 2024",Not specified,"June 05, 2024",Axis Therapy & Performance,Toronto (ON),"Salary: $55,000.00 to $140,000.00 annually",9310644561,https://ca.indeed.com/viewjob?jk=a63f6b125ffcee93&sid=cajb&kw=cajb,"{'Language Requirement': 'Not specified', 'Experience Requirement': 'Not specified', 'Benefits': []}","Toronto , ON","$ 55,000 to $ 140,000 YEAR annually",Permanent employment Full time,Starts as soon as possible,1 vacancy,indeed.com #9310644561,Not specified
72,physiotherapist,Title posted on Monster -Physiotherapist  | Private Practice | Newton,"June 07, 2024",2024-07-08,"June 07, 2024",Back in Motion Rehab,Surrey (BC),Salary not available,I5GaOx1nwE,https://job-openings.monster.ca/physiotherapist-private-practice-newton-surrey-bc-ca-back-in-motion-rehab/1c1f45cc-a6f2-4b68-ab98-364902459a1d?mescoid=2900488001001,"{'Language Requirement': 'Not specified', 'Experience Requirement': 'Not specified', 'Benefits': []}","Surrey , BC",Not available,Permanent employment Part time,Starts as soon as possible,1 vacancy,Monster #I5GaOx1nwE,Not specified
73,physiotherapist,Title posted on Monster -Physiotherapist  | Private Practice | Abbotsford,"June 07, 2024",2024-07-08,"June 07, 2024",Back in Motion Rehab,Abbotsford (BC),Salary not available,tmmJpdaMLd,https://job-openings.monster.ca/physiotherapist-private-practice-abbotsford-abbotsford-bc-ca-back-in-motion-rehab/4500254e-fe1a-4283-9146-0e49c5dc83ea?mescoid=2900488001001,"{'Language Requirement': 'Not specified', 'Experience Requirement': 'Not specified', 'Benefits': []}","Abbotsford , BC",Not available,Permanent employment Part time,Starts as soon as possible,1 vacancy,Monster #tmmJpdaMLd,Not specified
74,registered physiotherapist,Title posted on indeed.com -Registered Pelvic Physiotherapist,"June 04, 2024",Not specified,"June 04, 2024",PEAK Rehab,Brampton (ON),Salary: $38.00 to $50.00 hourly,9308887333,https://ca.indeed.com/viewjob?jk=51b0d4cdb1c4f4b8&sid=cajb&kw=cajb,"{'Language Requirement': 'Not specified', 'Experience Requirement': 'Not specified', 'Benefits': []}","Brampton , ON",$ 38.00 to $ 50.00 HOUR hourly,Full time,Starts as soon as possible,1 vacancy,indeed.com #9308887333,Not specified
75,physiotherapist,Title posted on Monster -Physiotherapist - Medicine & ICU Program,"June 05, 2024",2024-07-06,"June 05, 2024",Trillium Health Partners,Mississauga (ON),Salary not available,0a0cb47e9c7d48b6a59aed22dfce4e4f,https://job-openings.monster.ca/physiotherapist-medicine-icu-program-mississauga-on-ca-trillium-health-partners/ef7948f5-1ef8-4e05-bf2c-5147a6ec5784?mescoid=2900488001001,"{'Language Requirement': 'Not specified', 'Experience Requirement': 'Not specified', 'Benefits': []}","Mississauga , ON",Not available,Permanent employment Full time,Starts as soon as possible,1 vacancy,Monster #0a0cb47e9c7d48b6a59aed22dfce4e4f,Not specified
76,physiotherapist,Title posted on Jobillico -?Physiotherapist -  ?Pikangikum Allied Health Services (PAHS),"June 01, 2024",2024-06-30,"June 01, 2024",Pikangikum Education Authority,Pikangikum (ON),Salary not available,13725498,https://www.jobillico.com/en/job-offer/pikangikum-education-authority/-physiotherapist-pikangikum-allied-health-services-pahs-/13725498?ji_visitsrc=136,"{'Language Requirement': 'Not specified', 'Experience Requirement': 'Not specified', 'Benefits': []}","Pikangikum , ON",Not available,Part time,Starts as soon as possible,1 vacancy,Jobillico #13725498,Not specified
77,physiotherapist,,"May 31, 2024",Not specified,"May 31, 2024",Bolton Total Rehabilitation,Bolton (ON),Salary: $31.39 to $84.63 hourly,9302427872,https://ca.indeed.com/viewjob?jk=54fa89f8b79e1e2f&sid=cajb&kw=cajb,"{'Language Requirement': 'Not specified', 'Experience Requirement': 'Not specified', 'Benefits': []}","Bolton , ON",$ 31.39 to $ 84.63 HOUR hourly,Part time,Starts as soon as possible,1 vacancy,indeed.com #9302427872,Not specified
