Job Title,Posted Date,Advertised Until,Job Date,Company Name,Location,Salary,Job Number,Job Applying Link,Additional Details,Location,Salary,Terms of Employment,Start Date,Vacancies,Source,Other
IT (information technology) development manager,"June 10, 2024",2024-06-24,"June 10, 2024",Metro Vancouver,Burnaby (BC),"Salary: $3,785.23 biweekly",95295,https://www.civicjobs.ca/jobs?id=95295,"{'Language Requirement': 'Not specified', 'Experience Requirement': 'Not specified', 'Benefits': []}","Burnaby , BC","$ 3,785.23 BIWEEKLY bi-weekly",Permanent employment Full time,Starts as soon as possible,1 vacancy,CivicJobs.ca #95295,Not specified
information technology (IT) development manager,"June 02, 2024",2024-07-01,"June 02, 2024",Nisga?a School District No. 92,Aiyansh (BC),Salary not available,13732500,https://www.jobillico.com/en/job-offer/nisga-a-school-district-no-92/23-45-information-technology-manager/13732500?ji_visitsrc=136,"{'Language Requirement': 'Not specified', 'Experience Requirement': 'Not specified', 'Benefits': []}","Aiyansh , BC",Not available,Full time,Starts as soon as possible,1 vacancy,Jobillico #13732500,Not specified
information technology (IT) development manager,"May 31, 2024",2024-06-29,"May 31, 2024",School District #27 (Cariboo-Chilcotin),Williams Lake (BC),Salary not available,13916676,https://www.jobillico.com/en/job-offer/school-district-27-cariboo-chilcotin/manager-of-information-technology/13916676?ji_visitsrc=136,"{'Language Requirement': 'Not specified', 'Experience Requirement': 'Not specified', 'Benefits': []}","Williams Lake , BC",Not available,Full time,Starts as soon as possible,1 vacancy,Jobillico #13916676,Not specified
"manager, information technology (IT) integration","May 31, 2024",2024-07-30,"May 31, 2024",School District #27 (Cariboo-Chilcotin),Williams Lake (BC),Salary not available,2774313,https://network.applytoeducation.com/Applicant/jobposting/jobdetails.aspx?JOB_POSTING_ID=19130f10-f5d0-4311-bd3e-730a85c18943&amp;PAGE=1&amp;locale=en&amp;maf=0,"{'Language Requirement': 'Not specified', 'Experience Requirement': 'Not specified', 'Benefits': []}","Williams Lake , BC",Not available,Permanent employment Full time,Starts as soon as possible,1 vacancy,ApplyToEducation #2774313,Not specified
information technology (IT) business analyst,"May 29, 2024",2024-06-29,"May 29, 2024",ApTask,Calgary (AB),Salary not available,23-07223,https://job-openings.monster.ca/sr-power-bi-developer-calgary-ab-ca-aptask/3cff35e2-3dd0-4d95-8125-5f9f4f873ca6?mescoid=1500127001001,"{'Language Requirement': 'Not specified', 'Experience Requirement': 'Not specified', 'Benefits': []}","Calgary , AB",Not available,Not specified,Starts as soon as possible,1 vacancy,Monster #23-07223,Not specified
information technology (IT) development manager,"June 03, 2024",2024-07-02,"June 03, 2024",Soucy,Drummondville (QC),Salary not available,13742265,https://www.jobillico.com/en/job-offer/soucy/director-of-information-technology-and-continuous-improvement/13742265?ji_visitsrc=136,"{'Language Requirement': 'Not specified', 'Experience Requirement': 'Not specified', 'Benefits': []}","Drummondville , QC",Not available,Not specified,Starts as soon as possible,1 vacancy,Jobillico #13742265,Not specified
IT (information technology) development manager,"May 31, 2024",2024-06-14,"May 31, 2024",City of Surrey,Surrey (BC),Salary: $55.86 hourly,95036,https://www.civicjobs.ca/jobs?id=95036,"{'Language Requirement': 'Not specified', 'Experience Requirement': 'Not specified', 'Benefits': []}","Surrey , BC",$ 55.86 HOUR hourly,Permanent employment Full time,Starts as soon as possible,1 vacancy,CivicJobs.ca #95036,Not specified
information technology (IT) development manager,"June 05, 2024",2024-06-18,"June 05, 2024",Newfoundland Labrador Liquor Corporation,St. John's (NL),"Salary: $80,242.50 annually",MB2406059794,https://www.careerbeacon.com/en/job/2069794/newfoundland-labrador-liquor-corporation/it-project-team-lead/st-john-s?utm_campaign=feeds&utm_source=jobbank&utm_medium=Careerbeacon,"{'Language Requirement': 'Not specified', 'Experience Requirement': 'Not specified', 'Benefits': []}","St. John's , NL","$ 80,242.5 YEAR annually",Full time,Starts as soon as possible,1 vacancy,CareerBeacon #MB2406059794,Not specified
information technology (IT) development manager,"May 31, 2024",2024-07-01,"May 31, 2024",Pursuit Collection,Vancouver (BC),Salary not available,61fa299270794188a61413c1ab2bb40c,https://job-openings.monster.ca/it-manager-vancouver-bc-ca-pursuit-collection/07e17738-58d7-431f-ba6f-18c214ad5f60?mescoid=1100011001001,"{'Language Requirement': 'Not specified', 'Experience Requirement': 'Not specified', 'Benefits': []}","Vancouver , BC",Not available,Not specified,Starts as soon as possible,1 vacancy,Monster #61fa299270794188a61413c1ab2bb40c,Not specified
"analyst, information technology (IT)","May 15, 2024",2024-06-14,"May 15, 2024",Kativik Ilisarniliriniq (La commission scolaire du Nunavik),Montréal (QC),Salary not available,103667,https://emploisti.com/en/offer/analyst/103667?utm_campaign=jobbank_jobs_apply&utm_source=jobbank_jobs_apply&utm_medium=organic,"{'Language Requirement': 'Not specified', 'Experience Requirement': 'Not specified', 'Benefits': []}","Montréal , QC",Not available,Full time,Starts as soon as possible,1 vacancy,JobsMedia.ca #103667,Not specified
information technology (IT) development manager,"May 31, 2024",2024-07-01,"May 31, 2024",FlyOver Attractions by Pursuit Collection,Vancouver (BC),Salary not available,25fc79a7a971408aa806b328bf9d7a4f,https://job-openings.monster.ca/it-manager-vancouver-bc-ca-flyover-attractions-by-pursuit-collection/8ffcda26-66a9-4a9c-a5db-38f94ebfe038?mescoid=1100011001001,"{'Language Requirement': 'Not specified', 'Experience Requirement': 'Not specified', 'Benefits': []}","Vancouver , BC",Not available,Not specified,Starts as soon as possible,1 vacancy,Monster #25fc79a7a971408aa806b328bf9d7a4f,Not specified
informatics business analyst,"June 04, 2024",2024-07-11,"June 04, 2024",Department of Health,Fredericton (NB),Salary not available,35-24-0011,https://www.careerbeacon.com/en/job/2068894/department-of-health/senior-business-analyst/fredericton?utm_campaign=feeds&utm_source=jobbank&utm_medium=Careerbeacon,"{'Language Requirement': 'Not specified', 'Experience Requirement': 'Not specified', 'Benefits': []}","Fredericton , NB",Not available,Full time,Starts as soon as possible,Not specified,CareerBeacon #35-24-0011,Not specified
information technology (IT) business analyst,"June 08, 2024",2024-07-07,"June 08, 2024",Purolator,Mississauga (ON),Salary not available,13975242,https://www.jobillico.com/en/job-offer/purolator/technology-business-analyst-finance-and-controlling-job-details-purolator/13975242?ji_visitsrc=136,"{'Language Requirement': 'Not specified', 'Experience Requirement': 'Not specified', 'Benefits': []}","Mississauga , ON",Not available,Not specified,Starts as soon as possible,1 vacancy,Jobillico #13975242,Not specified
information technology (IT) development manager,"May 30, 2024",2024-06-30,"May 30, 2024",Proviso Consulting,Toronto (ON),Salary not available,12053,https://job-openings.monster.ca/it-project-manager-–-software-toronto-on-ca-proviso-consulting/5c4f7bc0-4cd3-4d84-84ef-95ba0823413e?mescoid=1500145001001,"{'Language Requirement': 'Not specified', 'Experience Requirement': 'Not specified', 'Benefits': []}","Toronto , ON",Not available,Not specified,Starts as soon as possible,1 vacancy,Monster #12053,Not specified
information technology (IT) business analyst,"June 06, 2024",2024-07-06,"June 06, 2024",Mariner Innovations,Fredericton (NB),Salary not available,DF55-345718236,https://job-openings.monster.ca/senior-power-bi-developer-fredericton-nb-ca-mariner-innovations/ebfd93ee-959e-4527-9bc6-96598caaae88?mescoid=1500127001001,"{'Language Requirement': 'Not specified', 'Experience Requirement': 'Not specified', 'Benefits': []}","Fredericton , NB",Not available,Not specified,Starts as soon as possible,1 vacancy,Monster #DF55-345718236,Not specified
information technology (IT) implementation manager,"May 21, 2024",2024-06-21,"May 21, 2024",Surrey Police Service,Surrey (BC),Salary: $55.86 hourly,94639,https://www.civicjobs.ca/jobs?id=94639,"{'Language Requirement': 'Not specified', 'Experience Requirement': 'Not specified', 'Benefits': []}","Surrey , BC",$ 55.86 HOUR hourly,Permanent employment Full time,Starts as soon as possible,1 vacancy,CivicJobs.ca #94639,Not specified
information technology (IT) business analyst,"May 26, 2024",2024-06-25,"May 26, 2024",Cooke Aquaculture Inc.,Saint John (NB),Salary not available,2035636,https://www.careerbeacon.com/en/job/2035636/cooke-aquaculture-inc/it-business-management-analyst/saint-john?utm_campaign=feeds&utm_source=jobbank&utm_medium=Careerbeacon,"{'Language Requirement': 'Not specified', 'Experience Requirement': 'Not specified', 'Benefits': []}","Saint John , NB",Not available,Full time,Starts as soon as possible,1 vacancy,CareerBeacon #2035636,Not specified
information technology (IT) business analyst,"May 26, 2024",2024-06-25,"May 26, 2024",Cooke Aquaculture Inc.,Saint John (NB),Salary not available,2035636,https://www.careerbeacon.com/en/job/2035636/cooke-aquaculture-inc/it-business-management-analyst/saint-john?utm_campaign=feeds&utm_source=jobbank&utm_medium=Careerbeacon,"{'Language Requirement': 'Not specified', 'Experience Requirement': 'Not specified', 'Benefits': []}","Saint John , NB",Not available,Full time,Starts as soon as possible,1 vacancy,CareerBeacon #2035636,Not specified
IT (information technology) business analyst,"June 01, 2024",2024-06-30,"June 01, 2024",Scotiabank,Toronto (ON),Salary not available,2039559,https://www.careerbeacon.com/en/job/2039559/scotiabank/technical-business-analyst-capital-markets-technology-efx/toronto?utm_campaign=feeds&utm_source=jobbank&utm_medium=Careerbeacon,"{'Language Requirement': 'Not specified', 'Experience Requirement': 'Not specified', 'Benefits': []}","Toronto , ON",Not available,Full time,Starts as soon as possible,1 vacancy,CareerBeacon #2039559,Not specified
IT (information technology) business analyst,"June 01, 2024",2024-07-05,"June 01, 2024",Scotiabank,Toronto (ON),Salary not available,2039579,https://www.careerbeacon.com/en/job/2039579/scotiabank/business-analyst-specialist-broadridge/toronto?utm_campaign=feeds&utm_source=jobbank&utm_medium=Careerbeacon,"{'Language Requirement': 'Not specified', 'Experience Requirement': 'Not specified', 'Benefits': []}","Toronto , ON",Not available,Full time,Starts as soon as possible,1 vacancy,CareerBeacon #2039579,Not specified
information technology (IT) integration manager,"June 05, 2024",2024-07-04,"June 05, 2024",National Bank,Montréal (QC),Salary not available,13947156,https://www.jobillico.com/en/job-offer/national-bank/integrator-ciam-automation-development/13947156?ji_visitsrc=136,"{'Language Requirement': 'Not specified', 'Experience Requirement': 'Not specified', 'Benefits': []}","Montréal , QC",Not available,Full time,Starts as soon as possible,1 vacancy,Jobillico #13947156,Not specified
information technology (IT) business analyst,"May 24, 2024",2024-06-24,"May 24, 2024",Appcast,Fredericton (NB),Salary not available,ac14a5de-2051-4a3d-95d2-87c11cc2116b,https://job-openings.monster.ca/business-intelligence-analyst-fredericton-nb-ca-appcast/b9ae42d5-1ac0-4763-8a97-018bdc928fdf?mescoid=1500144001001,"{'Language Requirement': 'Not specified', 'Experience Requirement': 'Not specified', 'Benefits': []}","Fredericton , NB",Not available,Not specified,Starts as soon as possible,1 vacancy,Monster #ac14a5de-2051-4a3d-95d2-87c11cc2116b,Not specified
"manager, information technology (IT) integration","May 31, 2024",2024-07-30,"May 31, 2024",London District Catholic School Board,London (ON),Salary not available,2774207,https://network.applytoeducation.com/Applicant/jobposting/jobdetails.aspx?JOB_POSTING_ID=f7e1b183-83f9-47a1-85b1-1c1bb5998ddc&amp;PAGE=1&amp;locale=en&amp;maf=0,"{'Language Requirement': 'Not specified', 'Experience Requirement': 'Not specified', 'Benefits': []}","London , ON",Not available,Permanent employment Part time,Starts as soon as possible,1 vacancy,ApplyToEducation #2774207,Not specified
"manager, information systems","June 05, 2024",2024-07-06,"June 05, 2024",ARC Business Solutions,Edmonton (AB),Salary not available,mj9o42NUWK,https://job-openings.monster.ca/scrum-master-edmonton-ab-ca-arc-business-solutions/9c60817b-e433-4195-b873-1b751539998f?mescoid=1300093001001,"{'Language Requirement': 'Not specified', 'Experience Requirement': 'Not specified', 'Benefits': []}","Edmonton , AB",Not available,Not specified,Starts as soon as possible,1 vacancy,Monster #mj9o42NUWK,Not specified
help desk manager - information technology (IT),"June 04, 2024",2024-07-02,"June 04, 2024",University of the Fraser Valley,Abbotsford (BC),"Salary: $92,139.00 annually",95119,https://www.civicjobs.ca/jobs?id=95119,"{'Language Requirement': 'Not specified', 'Experience Requirement': 'Not specified', 'Benefits': []}","Abbotsford , BC","$ 92,139 YEAR annually",Permanent employment Full time,Starts as soon as possible,1 vacancy,CivicJobs.ca #95119,Not specified
information technology (IT) business analyst,"June 08, 2024",2024-07-09,"June 08, 2024",Atlantis IT group,Toronto (ON),Salary not available,10701-9738,https://job-openings.monster.ca/microsoft-power-bi-developer-toronto-on-ca-atlantis-it-group/0adf8962-698a-4c21-b30d-092ff96384a4?mescoid=1500127001001,"{'Language Requirement': 'Not specified', 'Experience Requirement': 'Not specified', 'Benefits': []}","Toronto , ON",Not available,Not specified,Starts as soon as possible,1 vacancy,Monster #10701-9738,Not specified
IT (information technology) business analyst,"June 03, 2024",2024-06-15,"June 03, 2024",Université de Montréal,Montréal (QC),"Salary: $70,555.00 annually",446449,https://www.quebecemploi.gouv.qc.ca/plateforme-emploi/?lang=en&ide_poste=446449,"{'Language Requirement': 'Not specified', 'Experience Requirement': 'Not specified', 'Benefits': []}","Montréal , QC","$ 70,555 YEAR annually / 35 hours per week",Permanent employment Full time,Starts as soon as 2024-07-17,1 vacancy,Québec emploi #446449,Not specified
information technology (IT) development manager,"May 24, 2024",2024-06-24,"May 24, 2024",Xerox,Winnipeg (MB),Salary not available,34E98997BAF948CBB73673F745234992,https://job-openings.monster.ca/it-project-manager-winnipeg-mb-ca-xerox/dc58c1d8-4cb0-4db0-8726-7415207f4b15?mescoid=1500145001001,"{'Language Requirement': 'Not specified', 'Experience Requirement': 'Not specified', 'Benefits': []}","Winnipeg , MB",Not available,Not specified,Starts as soon as possible,1 vacancy,Monster #34E98997BAF948CBB73673F745234992,Not specified
"manager, information technology (IT) integration","May 29, 2024",2024-07-28,"May 29, 2024",Superior North Catholic District School Board,Terrace Bay (ON),Salary not available,2773714,https://network.applytoeducation.com/Applicant/jobposting/jobdetails.aspx?JOB_POSTING_ID=dcef304f-81b9-46c0-bae7-a87124bfb51e&amp;PAGE=1&amp;locale=en&amp;maf=0,"{'Language Requirement': 'Not specified', 'Experience Requirement': 'Not specified', 'Benefits': []}","Terrace Bay , ON",Not available,Permanent employment,Starts as soon as possible,1 vacancy,ApplyToEducation #2773714,Not specified
"manager, information technology (IT) integration","May 15, 2024",2024-07-14,"May 15, 2024",Waterloo Region District School Board,Kitchener (ON),Salary not available,2771383,https://network.applytoeducation.com/Applicant/jobposting/jobdetails.aspx?JOB_POSTING_ID=adff7e50-5f5d-4695-acc9-f184904b59b7&amp;PAGE=1&amp;locale=en&amp;maf=0,"{'Language Requirement': 'Not specified', 'Experience Requirement': 'Not specified', 'Benefits': []}","Kitchener , ON",Not available,Permanent employment Part time,Starts as soon as possible,1 vacancy,ApplyToEducation #2771383,Not specified
"manager, information technology (IT) integration","May 15, 2024",2024-07-14,"May 15, 2024",Waterloo Region District School Board,Kitchener (ON),Salary not available,2771405,https://network.applytoeducation.com/Applicant/jobposting/jobdetails.aspx?JOB_POSTING_ID=d2b473f2-d409-4f26-b5d1-ad70f850f93c&amp;PAGE=1&amp;locale=en&amp;maf=0,"{'Language Requirement': 'Not specified', 'Experience Requirement': 'Not specified', 'Benefits': []}","Kitchener , ON",Not available,Permanent employment Full time,Starts as soon as possible,1 vacancy,ApplyToEducation #2771405,Not specified
"manager, information technology (IT) integration","May 15, 2024",2024-07-14,"May 15, 2024",Waterloo Region District School Board,Kitchener (ON),Salary not available,2771410,https://network.applytoeducation.com/Applicant/jobposting/jobdetails.aspx?JOB_POSTING_ID=a1aa48db-0d57-4914-ac0b-97156f5ffc8a&amp;PAGE=1&amp;locale=en&amp;maf=0,"{'Language Requirement': 'Not specified', 'Experience Requirement': 'Not specified', 'Benefits': []}","Kitchener , ON",Not available,Permanent employment Full time,Starts as soon as possible,1 vacancy,ApplyToEducation #2771410,Not specified
"manager, information technology (IT) integration","May 15, 2024",2024-07-14,"May 15, 2024",Waterloo Region District School Board,Kitchener (ON),Salary not available,2771434,https://network.applytoeducation.com/Applicant/jobposting/jobdetails.aspx?JOB_POSTING_ID=e98cde45-9de5-4be1-9bda-4ea99f4d2ed7&amp;PAGE=1&amp;locale=en&amp;maf=0,"{'Language Requirement': 'Not specified', 'Experience Requirement': 'Not specified', 'Benefits': []}","Kitchener , ON",Not available,Permanent employment Full time,Starts as soon as possible,1 vacancy,ApplyToEducation #2771434,Not specified
"manager, information technology (IT) integration","May 15, 2024",2024-07-14,"May 15, 2024",Waterloo Region District School Board,Waterloo (ON),Salary not available,2771409,https://network.applytoeducation.com/Applicant/jobposting/jobdetails.aspx?JOB_POSTING_ID=46b8cd2d-618f-4547-bd94-9b98f44e55fb&amp;PAGE=1&amp;locale=en&amp;maf=0,"{'Language Requirement': 'Not specified', 'Experience Requirement': 'Not specified', 'Benefits': []}","Waterloo , ON",Not available,Permanent employment Full time,Starts as soon as possible,1 vacancy,ApplyToEducation #2771409,Not specified
help desk manager - information technology (IT),"May 25, 2024",2024-07-24,"May 25, 2024",Pythagoras Academy,Richmond (BC),Salary not available,2773282,https://network.applytoeducation.com/Applicant/jobposting/jobdetails.aspx?JOB_POSTING_ID=31ada049-75e9-46d6-8f0e-097053dc88f7&amp;PAGE=1&amp;locale=en&amp;maf=0,"{'Language Requirement': 'Not specified', 'Experience Requirement': 'Not specified', 'Benefits': []}","Richmond , BC",Not available,Permanent employment Full time,Starts as soon as possible,1 vacancy,ApplyToEducation #2773282,Not specified
information technology (IT) business analyst,"May 24, 2024",2024-06-24,"May 24, 2024",Toronto Parking Authority,Toronto (ON),Salary not available,x9m87GFSuc,https://job-openings.monster.ca/analyst-business-intelligence-reporting-toronto-on-ca-toronto-parking-authority/7aa565d0-fa16-46b7-a19a-f7252238a74e?mescoid=1500144001001,"{'Language Requirement': 'Not specified', 'Experience Requirement': 'Not specified', 'Benefits': []}","Toronto , ON",Not available,Not specified,Starts as soon as possible,1 vacancy,Monster #x9m87GFSuc,Not specified
director of technology management,"June 07, 2024",2024-07-06,"June 07, 2024",National Bank,Montréal (QC),Salary not available,13969149,https://www.jobillico.com/en/job-offer/national-bank/it-asset-management-manager/13969149?ji_visitsrc=136,"{'Language Requirement': 'Not specified', 'Experience Requirement': 'Not specified', 'Benefits': []}","Montréal , QC",Not available,Full time,Starts as soon as possible,1 vacancy,Jobillico #13969149,Not specified
"manager, information systems","May 23, 2024",2024-06-23,"May 23, 2024",LanceSoft Inc,Toronto (ON),Salary not available,24-63122,https://job-openings.monster.ca/scrum-master-toronto-on-ca-lancesoft-inc/ffdb414b-38f4-47ba-aedd-fc15f4a1ce1b?mescoid=1300093001001,"{'Language Requirement': 'Not specified', 'Experience Requirement': 'Not specified', 'Benefits': []}","Toronto , ON",Not available,Not specified,Starts as soon as possible,1 vacancy,Monster #24-63122,Not specified
information technology (IT) development manager,"June 05, 2024",2024-07-06,"June 05, 2024",Cyclone Manufacturing Inc,Mississauga (ON),Salary not available,274411121,https://job-openings.monster.ca/it-manager-mississauga-on-ca-cyclone-manufacturing-inc/274411121?mescoid=1100011001001&mstr_dist=true,"{'Language Requirement': 'Not specified', 'Experience Requirement': 'Not specified', 'Benefits': []}","Mississauga , ON",Not available,Permanent employment Full time,Starts as soon as possible,1 vacancy,Monster #274411121,Not specified
technical program manager - information technology (IT),"June 05, 2024",Not specified,"June 05, 2024",Hengam,Vancouver (BC),"Salary: $90,000.00 to $120,000.00 annually",9310661730,https://ca.indeed.com/viewjob?jk=0bef1da229901a2f&sid=cajb&kw=cajb,"{'Language Requirement': 'Not specified', 'Experience Requirement': 'Not specified', 'Benefits': []}","Vancouver , BC","$ 90,000 to $ 120,000 YEAR annually",Full time,Starts as soon as possible,1 vacancy,indeed.com #9310661730,Not specified
computer technology teacher - secondary school,"June 10, 2024",2024-07-09,"June 10, 2024",St. Clair Catholic District School Board,Sarnia (ON),Salary not available,13982733,https://www.jobillico.com/en/job-offer/st-clair-catholic-district-school-board/permanent-secondary-teacher-manufacturing-technology/13982733?ji_visitsrc=136,"{'Language Requirement': 'Not specified', 'Experience Requirement': 'Not specified', 'Benefits': []}","Sarnia , ON",Not available,Permanent employment Full time,Starts as soon as possible,1 vacancy,Jobillico #13982733,Not specified
information technology (IT) implementation manager,"June 03, 2024",2024-07-02,"June 03, 2024",Soucy,Drummondville (QC),Salary not available,13742262,https://www.jobillico.com/en/job-offer/soucy/directeur.trice-technologies-de-l-rsquo-information-et-am-eacute-lioration-continue/13742262?ji_visitsrc=136,"{'Language Requirement': 'Not specified', 'Experience Requirement': 'Not specified', 'Benefits': []}","Drummondville , QC",Not available,Not specified,Starts as soon as possible,1 vacancy,Jobillico #13742262,Not specified
computer technology teacher - secondary school,"June 07, 2024",2024-07-06,"June 07, 2024",Bruce-Grey Catholic District School Board,Walkerton (ON),Salary not available,13966866,https://www.jobillico.com/en/job-offer/bruce-grey-catholic-district-school-board/2025-034-probationary-secondary-teacher-1.0-fte-shhs-manufacturing-technology-grades-9-12/13966866?ji_visitsrc=136,"{'Language Requirement': 'Not specified', 'Experience Requirement': 'Not specified', 'Benefits': []}","Walkerton , ON",Not available,Full time,Starts as soon as possible,1 vacancy,Jobillico #13966866,Not specified
information technology (IT) implementation manager,"June 07, 2024",2024-07-08,"June 07, 2024",Proviso Consulting,Toronto (ON),Salary not available,12083,https://job-openings.monster.ca/digital-analytics-implementation-specialist-toronto-on-ca-proviso-consulting/6a4749c4-8569-4d99-bee4-d17a21b58baf?mescoid=1500131001001,"{'Language Requirement': 'Not specified', 'Experience Requirement': 'Not specified', 'Benefits': []}","Toronto , ON",Not available,Not specified,Starts as soon as possible,1 vacancy,Monster #12083,Not specified
information technology (IT) implementation manager,"June 06, 2024",2024-07-07,"June 06, 2024",SysAid Technologies,Toronto (ON),Salary not available,MzNfMTMyNjY3XzI5MDcyN18xMDcxNTAy,https://job-openings.monster.ca/implementation-specialist-toronto-on-ca-sysaid-technologies/c1c1f7db-665a-48ab-910f-b693723e3f86?mescoid=1500131001001,"{'Language Requirement': 'Not specified', 'Experience Requirement': 'Not specified', 'Benefits': []}","Toronto , ON",Not available,Not specified,Starts as soon as possible,1 vacancy,Monster #MzNfMTMyNjY3XzI5MDcyN18xMDcxNTAy,Not specified
infrastructure architect - information technology (IT),"May 30, 2024",2024-07-06,"May 30, 2024",Michelin,Magog (QC),Salary not available,104180,https://emploisti.com/fr/offre/architecte-ti/104180?utm_campaign=jobbank_jobs_apply&utm_source=jobbank_jobs_apply&utm_medium=organic,"{'Language Requirement': 'Not specified', 'Experience Requirement': 'Not specified', 'Benefits': []}","Magog , QC",Not available,Not specified,Starts as soon as 2024-07-24,1 vacancy,JobsMedia.ca #104180,Not specified
"manager, information systems","May 14, 2024",2024-06-14,"May 14, 2024",LanceSoft Inc,Toronto (ON),Salary not available,24-54990,https://job-openings.monster.ca/junior-scrum-master-toronto-on-ca-lancesoft-inc/0cf72014-8b9f-4490-84b4-0b0d6d02afce?mescoid=1300093001001,"{'Language Requirement': 'Not specified', 'Experience Requirement': 'Not specified', 'Benefits': []}","Toronto , ON",Not available,Not specified,Starts as soon as possible,1 vacancy,Monster #24-54990,Not specified
"manager, information systems","June 04, 2024",2024-07-05,"June 04, 2024",Sapsol Technologies Inc,Ottawa (ON),Salary not available,5695565B69,https://job-openings.monster.ca/sap-fico-consultant-ottawa-on-ca-sapsol-technologies-inc/37ab3c5d-87a0-4132-8f29-981d76ec9071?mescoid=1500127001001,"{'Language Requirement': 'Not specified', 'Experience Requirement': 'Not specified', 'Benefits': []}","Ottawa , ON",Not available,Not specified,Starts as soon as possible,1 vacancy,Monster #5695565B69,Not specified
"manager, information systems","May 14, 2024",2024-06-14,"May 14, 2024",Georgia IT Inc.,Mississauga (ON),Salary not available,21-01313,https://job-openings.monster.ca/api-technical-project-manager-mississauga-on-ca-georgia-it-inc/8678401e-9b99-4486-9f88-12dbc3cef04b?mescoid=1500145001001,"{'Language Requirement': 'Not specified', 'Experience Requirement': 'Not specified', 'Benefits': []}","Mississauga , ON",Not available,Permanent employment Full time,Starts as soon as possible,1 vacancy,Monster #21-01313,Not specified
Computer and information systems managers,"June 11, 2024",2024-07-11,"June 11, 2024",Bell Canada,Moncton (NB),Salary not available,2075478,https://www.careerbeacon.com/en/job/2075478/bell-canada/senior-specialist-pre-sales-engineering/moncton?utm_campaign=feeds&utm_source=jobbank&utm_medium=Careerbeacon,"{'Language Requirement': 'Not specified', 'Experience Requirement': 'Not specified', 'Benefits': []}","Moncton , NB",Not available,Not available,Starts as soon as possible,Not specified,CareerBeacon #2075478,Not specified
information technology (IT) business analyst,"May 21, 2024",2024-06-21,"May 21, 2024",MADEH IT SOLUTIONS LLC,Calgary (AB),Salary not available,273731411,https://job-openings.monster.com/sap-bw-bi-developer-calgary-ab-ca-madeh-it-solutions-llc/273731411?mescoid=1500127001001&mstr_dist=true,"{'Language Requirement': 'Not specified', 'Experience Requirement': 'Not specified', 'Benefits': []}","Calgary , AB",Not available,Not specified,Starts as soon as possible,1 vacancy,Monster #273731411,Not specified
information technology (IT) business analyst,"May 21, 2024",2024-06-21,"May 21, 2024",Proviso Consulting,Toronto (ON),Salary not available,12030,https://job-openings.monster.ca/bi-developer-toronto-on-ca-proviso-consulting/39072dd3-3865-4516-8e4e-f651691dd83d?mescoid=1500127001001,"{'Language Requirement': 'Not specified', 'Experience Requirement': 'Not specified', 'Benefits': []}","Toronto , ON",Not available,Not specified,Starts as soon as possible,1 vacancy,Monster #12030,Not specified
information technology (IT) implementation manager,"May 19, 2024",2024-06-17,"May 19, 2024",exo ? Réseau de transport métropolitain,Montréal (QC),Salary not available,11883331,https://www.jobillico.com/en/job-offer/exo-reseau-de-transport-metropolitain/bassin-technologie-de-l-rsquo-information-et-transport-intelligent/11883331?ji_visitsrc=136,"{'Language Requirement': 'Not specified', 'Experience Requirement': 'Not specified', 'Benefits': []}","Montréal , QC",Not available,Not specified,Starts as soon as possible,1 vacancy,Jobillico #11883331,Not specified
Computer and information systems managers,"June 11, 2024",2024-07-10,"June 11, 2024",Scotiabank,Toronto (ON),Salary not available,2074491,https://www.careerbeacon.com/en/job/2074491/scotiabank/senior-it-risk-manager/toronto?utm_campaign=feeds&utm_source=jobbank&utm_medium=Careerbeacon,"{'Language Requirement': 'Not specified', 'Experience Requirement': 'Not specified', 'Benefits': []}","Toronto , ON",Not available,Full time,Starts as soon as possible,1 vacancy,CareerBeacon #2074491,Not specified
"manager, information systems","June 03, 2024",2024-07-04,"June 03, 2024",Intellex Systems Group,Edmonton (AB),Salary not available,274311314,https://job-openings.monster.ca/scrum-master-edmonton-ab-ca-intellex-systems-group/274311314?mescoid=1300093001001&mstr_dist=true,"{'Language Requirement': 'Not specified', 'Experience Requirement': 'Not specified', 'Benefits': []}","Edmonton , AB",Not available,Not specified,Starts as soon as possible,1 vacancy,Monster #274311314,Not specified
information technology (IT) business analyst,"May 17, 2024",2024-06-16,"May 17, 2024",Tetra Tech,Québec (QC),Salary not available,103787,https://emploisti.com/fr/offre/architecte-de-solution-en-intelligence-artificielle/103787?utm_campaign=jobbank_jobs_apply&utm_source=jobbank_jobs_apply&utm_medium=organic,"{'Language Requirement': 'Not specified', 'Experience Requirement': 'Not specified', 'Benefits': []}","Québec , QC",Not available,Not specified,Starts as soon as possible,1 vacancy,JobsMedia.ca #103787,Not specified
systems security analyst,"June 04, 2024",2024-06-18,"June 04, 2024",City of North Vancouver,North Vancouver (BC),"Salary: $108,804.00 annually",95124,https://www.civicjobs.ca/jobs?id=95124,"{'Language Requirement': 'Not specified', 'Experience Requirement': 'Not specified', 'Benefits': []}","North Vancouver , BC","$ 108,804 YEAR annually",Permanent employment Full time,Starts as soon as possible,1 vacancy,CivicJobs.ca #95124,Not specified
systems security analyst,"May 27, 2024",2024-06-17,"May 27, 2024",City of Coquitlam,Coquitlam (BC),"Salary: $122,343.00 annually",94834,https://www.civicjobs.ca/jobs?id=94834,"{'Language Requirement': 'Not specified', 'Experience Requirement': 'Not specified', 'Benefits': []}","Coquitlam , BC","$ 122,343 YEAR annually",Permanent employment Full time,Starts as soon as possible,1 vacancy,CivicJobs.ca #94834,Not specified
"manager, information systems","May 29, 2024",2024-06-29,"May 29, 2024",The Tal Group,Toronto (ON),Salary not available,4063,https://job-openings.monster.ca/4063-scrum-master-toronto-on-ca-the-tal-group/01d9b3a2-d9df-419f-a679-bbbdc7e61726?mescoid=1300093001001,"{'Language Requirement': 'Not specified', 'Experience Requirement': 'Not specified', 'Benefits': []}","Toronto , ON",Not available,Not specified,Starts as soon as possible,1 vacancy,Monster #4063,Not specified
information technology (IT) implementation manager,"May 13, 2024",2024-06-13,"May 13, 2024",Bridgit,Kitchener (ON),Salary not available,240821347,https://job-openings.monster.ca/implementation-specialist-kitchener-on-ca-bridgit/2597dac0-219a-46e4-b877-05d8a1a08f0d?mescoid=1500131001001,"{'Language Requirement': 'Not specified', 'Experience Requirement': 'Not specified', 'Benefits': []}","Kitchener , ON",Not available,Not specified,Starts as soon as possible,1 vacancy,Monster #240821347,Not specified
Computer and information systems managers,"June 11, 2024",2024-07-10,"June 11, 2024",Scotiabank,Toronto (ON),Salary not available,2074496,https://www.careerbeacon.com/en/job/2074496/scotiabank/it-risk-manager/toronto?utm_campaign=feeds&utm_source=jobbank&utm_medium=Careerbeacon,"{'Language Requirement': 'Not specified', 'Experience Requirement': 'Not specified', 'Benefits': []}","Toronto , ON",Not available,Full time,Starts as soon as possible,1 vacancy,CareerBeacon #2074496,Not specified
"manager, information systems","June 04, 2024",2024-07-05,"June 04, 2024",Recrute Action,Edmonton (AB),Salary not available,60508000029837808,https://job-openings.monster.ca/scrum-master-100-remote-edmonton-ab-ca-recrute-action/a9465d1a-9f46-4c8b-abbb-2e2dc992a92e?mescoid=1300093001001,"{'Language Requirement': 'Not specified', 'Experience Requirement': 'Not specified', 'Benefits': []}","Edmonton , AB",Not available,Permanent employment Full time,Starts as soon as possible,1 vacancy,Monster #60508000029837808,Not specified
director of technology management,"May 28, 2024",2024-06-26,"May 28, 2024",Excavations G. Larouche inc.,Alma (QC),Salary not available,13500108,https://www.jobillico.com/en/job-offer/excavations-g-larouche-inc-.jRviGh/coordonnateur-de-la-technologie-d-information/13500108?ji_visitsrc=136,"{'Language Requirement': 'Not specified', 'Experience Requirement': 'Not specified', 'Benefits': []}","Alma , QC",Not available,Permanent employment Full time,Starts as soon as possible,1 vacancy,Jobillico #13500108,Not specified
computer technology teacher - secondary school,"June 07, 2024",2024-07-06,"June 07, 2024",Ottawa-Carleton District School Board,Ottawa (ON),Salary not available,13969419,https://www.jobillico.com/en/job-offer/ottawa-carleton-district-school-board/100-sec.-contract-math-computer-technology-computer-engineering-external-posting-/13969419?ji_visitsrc=136,"{'Language Requirement': 'Not specified', 'Experience Requirement': 'Not specified', 'Benefits': []}","Ottawa , ON",Not available,Term or contract,Starts as soon as possible,1 vacancy,Jobillico #13969419,Not specified
informatics security consultant,"June 03, 2024",2024-07-04,"June 03, 2024",CDW,Toronto (ON),Salary not available,24001719,https://job-openings.monster.ca/analyst-cyber-security-toronto-on-ca-cdw/8e56f787-4448-498e-8dbc-5a6148bc9aa7?mescoid=1500125001001,"{'Language Requirement': 'Not specified', 'Experience Requirement': 'Not specified', 'Benefits': []}","Toronto , ON",Not available,Not specified,Starts as soon as possible,1 vacancy,Monster #24001719,Not specified
cloud operations manager,"June 03, 2024",Not specified,"June 03, 2024",Cunningham Swan LLP,Kingston (ON),"Salary: $90,000.00 to $120,000.00 annually",9306981764,https://ca.indeed.com/viewjob?jk=8df0dd14f4f3cb88&sid=cajb&kw=cajb,"{'Language Requirement': 'Not specified', 'Experience Requirement': 'Not specified', 'Benefits': []}","Kingston , ON","$ 90,000 to $ 120,000 YEAR annually",Permanent employment Full time,Starts as soon as possible,1 vacancy,indeed.com #9306981764,Not specified
informatics security consultant,"June 09, 2024",2024-07-08,"June 09, 2024",Centerra Gold Inc.,Toronto (ON),"Salary: $104,709.00 annually",803455061,https://www.ziprecruiter.com/k/t/AALkbUOb1uUtTFOD0Suh2sJ1fUH0bJVx29_AHfK88hS_QWgnBGgmw9PktLCSA6x0X11odUPXrmF7FRIFhZApaPjaq1pRRCgK_bSWX8v91eHLa1tIe3CrS-zDVN6cXGrL-_WrNLPOgMZPtfXYoo9Y-RNz6yn7gaOAY7BgTbyDFeUX7kL58DVra1hcbC9VurzhYAykGjLqg7Vzxq0EEdWnGFCwwDKjNA_zAOyBIIiKBokHRHBbCTbmQG4zZsqzJI3PdSUtLVlRoURSbBKVdNCx4sOPFGI4iooCWOKndEuNogHTwG7gPuOF4U0EmRkSdb-p7fzPYg,"{'Language Requirement': 'Not specified', 'Experience Requirement': 'Not specified', 'Benefits': []}","Toronto , ON","$ 104,709 YEAR annually",Permanent employment Full time,Starts as soon as possible,1 vacancy,ZipRecruiter #803455061,Not specified
"manager, information systems","June 08, 2024",2024-07-09,"June 08, 2024",Cenergy International,Calgary (AB),Salary not available,11296347,https://job-openings.monster.ca/sap-program-business-analyst-trainer-calgary-ab-ca-cenergy-international/f5e4b234-d0de-4426-a722-354f8e97c462?mescoid=1500123001001,"{'Language Requirement': 'Not specified', 'Experience Requirement': 'Not specified', 'Benefits': []}","Calgary , AB",Not available,Not specified,Starts as soon as possible,1 vacancy,Monster #11296347,Not specified
"manager, information systems","June 07, 2024",2024-07-08,"June 07, 2024",Elantis Solutions Inc,Edmonton (AB),Salary not available,62ec4a2162d905e790630f6676587164,https://job-openings.monster.ca/scrum-master-edmonton-ab-ca-elantis-solutions-inc/938c52ab-e907-4c32-93bb-ebe45c607999?mescoid=1300093001001,"{'Language Requirement': 'Not specified', 'Experience Requirement': 'Not specified', 'Benefits': []}","Edmonton , AB",Not available,Not specified,Starts as soon as possible,1 vacancy,Monster #62ec4a2162d905e790630f6676587164,Not specified
information systems manager,"May 26, 2024",2024-06-24,"May 26, 2024",Le Groupe Océan inc.,Québec (QC),Salary not available,13239804,https://www.jobillico.com/en/job-offer/le-groupe-ocean-inc.nVszZy/directeur-adjoint-systemes-informationnels/13239804?ji_visitsrc=136,"{'Language Requirement': 'Not specified', 'Experience Requirement': 'Not specified', 'Benefits': []}","Québec , QC",Not available,Permanent employment Full time,Starts as soon as possible,1 vacancy,Jobillico #13239804,Not specified
"manager, information systems","June 06, 2024",2024-07-07,"June 06, 2024",Atlantis IT group,Toronto (ON),Salary not available,10670-9738,https://job-openings.monster.ca/sap-fico-consultant-toronto-on-ca-atlantis-it-group/49e20e1a-6fc8-4f92-ac77-e09c77477b08?mescoid=1500127001001,"{'Language Requirement': 'Not specified', 'Experience Requirement': 'Not specified', 'Benefits': []}","Toronto , ON",Not available,Not specified,Starts as soon as possible,1 vacancy,Monster #10670-9738,Not specified
"manager, information systems","June 06, 2024",2024-07-07,"June 06, 2024",NR Consulting LLC,Edmonton (AB),Salary not available,24-81171,https://job-openings.monster.ca/scrum-master-edmonton-ab-ca-nr-consulting-llc/91759252-b926-45c2-b93e-6e6e9f2753ea?mescoid=1300093001001,"{'Language Requirement': 'Not specified', 'Experience Requirement': 'Not specified', 'Benefits': []}","Edmonton , AB",Not available,Not specified,Starts as soon as possible,1 vacancy,Monster #24-81171,Not specified
"manager, information systems","June 05, 2024",2024-07-06,"June 05, 2024",LanceSoft Inc,Edmonton (AB),Salary not available,24-69176,https://job-openings.monster.ca/scrum-master-edmonton-ab-ca-lancesoft-inc/99d5beaa-3232-4ea1-a8d4-162582c74835?mescoid=1300093001001,"{'Language Requirement': 'Not specified', 'Experience Requirement': 'Not specified', 'Benefits': []}","Edmonton , AB",Not available,Not specified,Starts as soon as possible,1 vacancy,Monster #24-69176,Not specified
"manager, information systems","June 04, 2024",2024-07-05,"June 04, 2024",Whopper Technologies,Edmonton (AB),Salary not available,225-31091,https://job-openings.monster.ca/scrum-master-edmonton-ab-ca-whopper-technologies/ccdd8d7c-9432-493a-8bca-ff29bfc1b521?mescoid=1300093001001,"{'Language Requirement': 'Not specified', 'Experience Requirement': 'Not specified', 'Benefits': []}","Edmonton , AB",Not available,Not specified,Starts as soon as possible,1 vacancy,Monster #225-31091,Not specified
"manager, information systems","June 02, 2024",2024-07-03,"June 02, 2024",Promutuel,Québec (QC),Salary not available,4501531,https://job-openings.monster.ca/scrum-master-québec-qc-ca-promutuel/456d3be9-847d-401e-84c1-f6a34bb3534d?mescoid=1300093001001,"{'Language Requirement': 'Not specified', 'Experience Requirement': 'Not specified', 'Benefits': []}","Québec , QC",Not available,Not specified,Starts as soon as possible,1 vacancy,Monster #4501531,Not specified
"manager, information systems","May 30, 2024",2024-06-30,"May 30, 2024",Proviso Consulting,Toronto (ON),Salary not available,12054,https://job-openings.monster.ca/scrummaster-toronto-on-ca-proviso-consulting/8e446a3c-36f6-41fc-9920-72d26ccd4430?mescoid=1300093001001,"{'Language Requirement': 'Not specified', 'Experience Requirement': 'Not specified', 'Benefits': []}","Toronto , ON",Not available,Not specified,Starts as soon as possible,1 vacancy,Monster #12054,Not specified
